"KingdomName","YearUpTo","RedListCategory","NumSpp","NumAssessWithinKingdom","NumAssessWithinRLcat","PropSppKingdomNoDD","PropSppKingdomWithDD","PropSppAllTaxaByCat"
"ANIMALIA",1996,"All Categories",2555,2555,2555,NA,1,1
"ANIMALIA",1996,"Near Threatened",0,2555,0,0,0,0
"ANIMALIA",1996,"Vulnerable",944,2555,944,0.470822942643392,0.369471624266145,1
"ANIMALIA",1996,"Endangered",253,2555,253,0.126184538653367,0.0990215264187867,1
"ANIMALIA",1996,"Least Concern",0,2555,0,0,0,0
"ANIMALIA",1996,"Data Deficient",550,2555,550,0.27431421446384,0.215264187866928,1
"ANIMALIA",1996,"Extinct",235,2555,235,0.117206982543641,0.0919765166340509,1
"ANIMALIA",1996,"Extinct in the Wild",7,2555,7,0.00349127182044888,0.00273972602739726,1
"ANIMALIA",1996,"Critically Endangered",254,2555,254,0.126683291770574,0.099412915851272,1
"ANIMALIA",1996,"Lower Risk/conservation dependent",24,2555,24,0.0119700748129676,0.00939334637964775,1
"ANIMALIA",1996,"Lower Risk/least concern",71,2555,71,0.0354114713216958,0.0277886497064579,1
"ANIMALIA",1996,"Lower Risk/near threatened",217,2555,217,0.108229426433915,0.0849315068493151,1
"ANIMALIA",1996,"All Threatened",1693,2555,1693,0.844389027431421,0.662622309197652,1
"ANIMALIA",1998,"All Categories",2555,2555,8431,NA,1,0.30304827422607
"ANIMALIA",1998,"Near Threatened",0,2555,0,0,0,0
"ANIMALIA",1998,"Vulnerable",944,2555,3573,0.470822942643392,0.369471624266145,0.264203750349846
"ANIMALIA",1998,"Endangered",253,2555,1219,0.126184538653367,0.0990215264187867,0.207547169811321
"ANIMALIA",1998,"Least Concern",0,2555,0,0,0,0
"ANIMALIA",1998,"Data Deficient",550,2555,828,0.27431421446384,0.215264187866928,0.664251207729469
"ANIMALIA",1998,"Extinct",235,2555,288,0.117206982543641,0.0919765166340509,0.815972222222222
"ANIMALIA",1998,"Extinct in the Wild",7,2555,16,0.00349127182044888,0.00273972602739726,0.4375
"ANIMALIA",1998,"Critically Endangered",254,2555,973,0.126683291770574,0.099412915851272,0.261048304213772
"ANIMALIA",1998,"Lower Risk/conservation dependent",24,2555,202,0.0119700748129676,0.00939334637964775,0.118811881188119
"ANIMALIA",1998,"Lower Risk/least concern",71,2555,574,0.0354114713216958,0.0277886497064579,0.123693379790941
"ANIMALIA",1998,"Lower Risk/near threatened",217,2555,758,0.108229426433915,0.0849315068493151,0.286279683377309
"ANIMALIA",1998,"All Threatened",1693,2555,6069,0.844389027431421,0.662622309197652,0.278958642280442
"ANIMALIA",2000,"All Categories",2798,2798,8924,NA,1,0.31353653070372
"ANIMALIA",2000,"Near Threatened",0,2798,0,0,0,0
"ANIMALIA",2000,"Vulnerable",1000,2798,3697,0.447427293064877,0.357398141529664,0.270489586150933
"ANIMALIA",2000,"Endangered",297,2798,1301,0.132885906040268,0.10614724803431,0.228285933897002
"ANIMALIA",2000,"Least Concern",0,2798,0,0,0,0
"ANIMALIA",2000,"Data Deficient",563,2798,845,0.251901565995526,0.201215153681201,0.666272189349112
"ANIMALIA",2000,"Extinct",297,2798,352,0.132885906040268,0.10614724803431,0.84375
"ANIMALIA",2000,"Extinct in the Wild",10,2798,19,0.00447427293064877,0.00357398141529664,0.526315789473684
"ANIMALIA",2000,"Critically Endangered",297,2798,1110,0.132885906040268,0.10614724803431,0.267567567567568
"ANIMALIA",2000,"Lower Risk/conservation dependent",25,2798,205,0.0111856823266219,0.0089349535382416,0.121951219512195
"ANIMALIA",2000,"Lower Risk/least concern",82,2798,603,0.0366890380313199,0.0293066476054325,0.135986733001658
"ANIMALIA",2000,"Lower Risk/near threatened",227,2798,792,0.101565995525727,0.0811293781272337,0.286616161616162
"ANIMALIA",2000,"All Threatened",1901,2798,6479,0.850559284116331,0.679413867047891,0.293409476771107
"ANIMALIA",2002,"All Categories",2800,2800,8927,NA,1,0.313655203315784
"ANIMALIA",2002,"Near Threatened",0,2800,0,0,0,0
"ANIMALIA",2002,"Vulnerable",1000,2800,3697,0.447027268663388,0.357142857142857,0.270489586150933
"ANIMALIA",2002,"Endangered",298,2800,1302,0.13321412606169,0.106428571428571,0.228878648233487
"ANIMALIA",2002,"Least Concern",0,2800,0,0,0,0
"ANIMALIA",2002,"Data Deficient",563,2800,845,0.251676352257488,0.201071428571429,0.666272189349112
"ANIMALIA",2002,"Extinct",297,2800,352,0.132767098793026,0.106071428571429,0.84375
"ANIMALIA",2002,"Extinct in the Wild",11,2800,20,0.00491729995529727,0.00392857142857143,0.55
"ANIMALIA",2002,"Critically Endangered",297,2800,1111,0.132767098793026,0.106071428571429,0.267326732673267
"ANIMALIA",2002,"Lower Risk/conservation dependent",25,2800,205,0.0111756817165847,0.00892857142857143,0.121951219512195
"ANIMALIA",2002,"Lower Risk/least concern",82,2800,603,0.0366562360303979,0.0292857142857143,0.135986733001658
"ANIMALIA",2002,"Lower Risk/near threatened",227,2800,792,0.101475189986589,0.0810714285714286,0.286616161616162
"ANIMALIA",2002,"All Threatened",1903,2800,6482,0.850692892266428,0.679642857142857,0.293582227707498
"ANIMALIA",2003,"All Categories",2888,2888,10274,NA,1,0.281097917072221
"ANIMALIA",2003,"Near Threatened",10,2888,134,0.00432900432900433,0.00346260387811634,0.0746268656716418
"ANIMALIA",2003,"Vulnerable",1015,2888,4135,0.439393939393939,0.351454293628809,0.24546553808948
"ANIMALIA",2003,"Endangered",306,2888,1608,0.132467532467532,0.10595567867036,0.190298507462687
"ANIMALIA",2003,"Least Concern",6,2888,71,0.0025974025974026,0.00207756232686981,0.0845070422535211
"ANIMALIA",2003,"Data Deficient",578,2888,1034,0.25021645021645,0.200138504155125,0.55899419729207
"ANIMALIA",2003,"Extinct",299,2888,362,0.129437229437229,0.103531855955679,0.825966850828729
"ANIMALIA",2003,"Extinct in the Wild",11,2888,23,0.00476190476190476,0.00380886426592798,0.478260869565217
"ANIMALIA",2003,"Critically Endangered",329,2888,1307,0.142424242424242,0.113919667590028,0.251721499617445
"ANIMALIA",2003,"Lower Risk/conservation dependent",25,2888,205,0.0108225108225108,0.00865650969529086,0.121951219512195
"ANIMALIA",2003,"Lower Risk/least concern",82,2888,603,0.0354978354978355,0.028393351800554,0.135986733001658
"ANIMALIA",2003,"Lower Risk/near threatened",227,2888,792,0.0982683982683983,0.078601108033241,0.286616161616162
"ANIMALIA",2003,"All Threatened",1960,2888,7435,0.848484848484849,0.678670360110803,0.263618022864828
"ANIMALIA",2004,"All Categories",5779,5779,15311,NA,1,0.37744105545033
"ANIMALIA",2004,"Near Threatened",179,5779,434,0.0411778237865194,0.0309742169925593,0.412442396313364
"ANIMALIA",2004,"Vulnerable",1296,5779,5229,0.298136645962733,0.224260252638865,0.247848537005164
"ANIMALIA",2004,"Endangered",627,5779,2505,0.14423740510697,0.108496279633155,0.250299401197605
"ANIMALIA",2004,"Least Concern",1050,5779,1439,0.241545893719807,0.181692334313895,0.729673384294649
"ANIMALIA",2004,"Data Deficient",1432,5779,1987,0.329422590292156,0.247793735940474,0.720684448917967
"ANIMALIA",2004,"Extinct",329,5779,396,0.0756843800322061,0.0569302647516871,0.830808080808081
"ANIMALIA",2004,"Extinct in the Wild",12,5779,24,0.00276052449965493,0.00207648382073023,0.5
"ANIMALIA",2004,"Critically Endangered",520,5779,1697,0.11962272831838,0.0899809655649766,0.306423099587507
"ANIMALIA",2004,"Lower Risk/conservation dependent",25,5779,205,0.00575109270761445,0.00432600795985465,0.121951219512195
"ANIMALIA",2004,"Lower Risk/least concern",82,5779,603,0.0188635840809754,0.0141893061083232,0.135986733001658
"ANIMALIA",2004,"Lower Risk/near threatened",227,5779,792,0.0522199217851392,0.0392801522754802,0.286616161616162
"ANIMALIA",2004,"All Threatened",2784,5779,9851,0.640441683919945,0.481744246409413,0.282610902446452
"ANIMALIA",2006,"All Categories",6701,6701,16286,NA,1,0.411457693724672
"ANIMALIA",2006,"Near Threatened",230,6701,488,0.0452845048237842,0.0343232353380093,0.471311475409836
"ANIMALIA",2006,"Vulnerable",1437,6701,5370,0.282929710572947,0.214445605133562,0.267597765363129
"ANIMALIA",2006,"Endangered",730,6701,2627,0.143729080527663,0.108938964333682,0.277883517320137
"ANIMALIA",2006,"Least Concern",1405,6701,1794,0.276629257727899,0.209670198477839,0.783166109253066
"ANIMALIA",2006,"Data Deficient",1622,6701,2179,0.319354203583383,0.242053424861961,0.744378155117026
"ANIMALIA",2006,"Extinct",334,6701,402,0.065760976570191,0.0498433069691091,0.830845771144279
"ANIMALIA",2006,"Extinct in the Wild",12,6701,24,0.00236266981689309,0.00179077749589613,0.5
"ANIMALIA",2006,"Critically Endangered",597,6701,1802,0.117542823390431,0.0890911804208327,0.331298557158713
"ANIMALIA",2006,"Lower Risk/conservation dependent",25,6701,205,0.00492222878519394,0.00373078644978361,0.121951219512195
"ANIMALIA",2006,"Lower Risk/least concern",82,6701,603,0.0161449104154361,0.0122369795552903,0.135986733001658
"ANIMALIA",2006,"Lower Risk/near threatened",227,6701,792,0.0446938373695609,0.0338755409640352,0.286616161616162
"ANIMALIA",2006,"All Threatened",3110,6701,10225,0.612325260878126,0.464109834353082,0.304156479217604
"ANIMALIA",2007,"All Categories",7514,7514,17249,NA,1,0.435619456200359
"ANIMALIA",2007,"Near Threatened",265,7514,525,0.0462962962962963,0.0352675006654245,0.504761904761905
"ANIMALIA",2007,"Vulnerable",1492,7514,5434,0.260656883298393,0.198562682991749,0.274567537725432
"ANIMALIA",2007,"Endangered",775,7514,2684,0.135394828791055,0.103140803832845,0.288748137108793
"ANIMALIA",2007,"Least Concern",1900,7514,2316,0.3319357092942,0.252861325525685,0.820379965457686
"ANIMALIA",2007,"Data Deficient",1790,7514,2419,0.312718378756115,0.23822198562683,0.739975196362133
"ANIMALIA",2007,"Extinct",334,7514,403,0.0583508036338225,0.0444503593292521,0.8287841191067
"ANIMALIA",2007,"Extinct in the Wild",12,7514,24,0.00209643605870021,0.00159701889805696,0.5
"ANIMALIA",2007,"Critically Endangered",612,7514,1844,0.106918238993711,0.081447963800905,0.331887201735358
"ANIMALIA",2007,"Lower Risk/conservation dependent",25,7514,205,0.0043675751222921,0.00332712270428533,0.121951219512195
"ANIMALIA",2007,"Lower Risk/least concern",82,7514,603,0.0143256464011181,0.0109129624700559,0.135986733001658
"ANIMALIA",2007,"Lower Risk/near threatened",227,7514,792,0.0396575821104123,0.0302102741549108,0.286616161616162
"ANIMALIA",2007,"All Threatened",3225,7514,10389,0.563417190775681,0.429198828852808,0.310424487438637
"ANIMALIA",2008,"All Categories",11106,11106,20856,NA,1,0.532508630609896
"ANIMALIA",2008,"Near Threatened",543,11106,805,0.0657464584090083,0.048892490545651,0.674534161490683
"ANIMALIA",2008,"Vulnerable",2011,11106,5955,0.243491948177745,0.181073293715109,0.337699412258606
"ANIMALIA",2008,"Endangered",1057,11106,2969,0.127981595834847,0.0951737799387718,0.356012125294712
"ANIMALIA",2008,"Least Concern",3138,11106,3554,0.379949146385761,0.282549972987574,0.882948790095667
"ANIMALIA",2008,"Data Deficient",2847,11106,3476,0.34471485652016,0.25634792004322,0.819044879171461
"ANIMALIA",2008,"Extinct",359,11106,428,0.043467732170965,0.0323248694399424,0.838785046728972
"ANIMALIA",2008,"Extinct in the Wild",13,11106,26,0.00157404044073132,0.00117053844768594,0.5
"ANIMALIA",2008,"Critically Endangered",804,11106,2043,0.0973483472575372,0.0723933009184225,0.393538913362702
"ANIMALIA",2008,"Lower Risk/conservation dependent",25,11106,205,0.00302700084756024,0.00225103547631911,0.121951219512195
"ANIMALIA",2008,"Lower Risk/least concern",82,11106,603,0.00992856277999758,0.00738339636232667,0.135986733001658
"ANIMALIA",2008,"Lower Risk/near threatened",227,11106,792,0.027485167695847,0.0204394021249775,0.286616161616162
"ANIMALIA",2008,"All Threatened",4244,11106,11421,0.513863663881826,0.382135782459932,0.371596182470887
"ANIMALIA",2009,"All Categories",13474,13474,23348,NA,1,0.577094397807093
"ANIMALIA",2009,"Near Threatened",693,13474,967,0.0699787943047561,0.0514323883033991,0.71664943123061
"ANIMALIA",2009,"Vulnerable",2191,13474,6159,0.22124608704433,0.162609470090545,0.355739568111706
"ANIMALIA",2009,"Endangered",1172,13474,3124,0.118347975361002,0.0869823363514918,0.375160051216389
"ANIMALIA",2009,"Least Concern",4205,13474,4655,0.424618802383116,0.312082529315719,0.903329752953813
"ANIMALIA",2009,"Data Deficient",3571,13474,4204,0.360597798646875,0.26502894463411,0.849429115128449
"ANIMALIA",2009,"Extinct",394,13474,463,0.0397859234575381,0.0292415021522933,0.85097192224622
"ANIMALIA",2009,"Extinct in the Wild",24,13474,37,0.00242350802787034,0.00178120825293157,0.648648648648649
"ANIMALIA",2009,"Critically Endangered",890,13474,2139,0.0898717560335252,0.0660531393795458,0.416082281439925
"ANIMALIA",2009,"Lower Risk/conservation dependent",25,13474,205,0.00252448752903161,0.00185542526347039,0.121951219512195
"ANIMALIA",2009,"Lower Risk/least concern",82,13474,603,0.00828031909522367,0.00608579486418287,0.135986733001658
"ANIMALIA",2009,"Lower Risk/near threatened",227,13474,792,0.022922346763607,0.0168472613923111,0.286616161616162
"ANIMALIA",2009,"All Threatened",4671,13474,11922,0.471675249924265,0.346667656226807,0.391796678409663
"ANIMALIA",2010,"All Categories",20828,20828,31679,NA,1,0.657470248429559
"ANIMALIA",2010,"Near Threatened",987,20828,1395,0.0629865985960434,0.0473881313616286,0.70752688172043
"ANIMALIA",2010,"Vulnerable",2707,20828,6852,0.17275047862157,0.129969272133666,0.395067133683596
"ANIMALIA",2010,"Endangered",1529,20828,3607,0.0975749840459477,0.0734107931630497,0.423897976157472
"ANIMALIA",2010,"Least Concern",8453,20828,9254,0.539438417358009,0.405847897061648,0.913442835530581
"ANIMALIA",2010,"Data Deficient",5158,20828,5880,0.329164007657945,0.24764739773382,0.877210884353742
"ANIMALIA",2010,"Extinct",416,20828,485,0.0265475430759413,0.0199731131169579,0.857731958762887
"ANIMALIA",2010,"Extinct in the Wild",24,20828,42,0.001531589023612,0.0011522949875168,0.571428571428571
"ANIMALIA",2010,"Critically Endangered",1220,20828,2564,0.0778557753669432,0.0585749951987709,0.47581903276131
"ANIMALIA",2010,"Lower Risk/conservation dependent",25,20828,205,0.00159540523292916,0.00120030727866334,0.121951219512195
"ANIMALIA",2010,"Lower Risk/least concern",82,20828,603,0.00523292916400766,0.00393700787401575,0.135986733001658
"ANIMALIA",2010,"Lower Risk/near threatened",227,20828,792,0.0144862795149968,0.0108987900902631,0.286616161616162
"ANIMALIA",2010,"All Threatened",5896,20828,13550,0.376260370134014,0.283080468599962,0.435129151291513
"ANIMALIA",2011,"All Categories",25366,25366,37733,NA,1,0.672249754856492
"ANIMALIA",2011,"Near Threatened",1329,25366,1835,0.0695047330160556,0.0523929669636521,0.72425068119891
"ANIMALIA",2011,"Vulnerable",3145,25366,7473,0.164478845248679,0.123984861625798,0.420848387528436
"ANIMALIA",2011,"Endangered",1804,25366,4046,0.0943465299932012,0.0711188204683434,0.445872466633712
"ANIMALIA",2011,"Least Concern",10613,25366,12112,0.555044192249359,0.418394701569029,0.876238441215324
"ANIMALIA",2011,"Data Deficient",6245,25366,7199,0.326604257099524,0.246195695024836,0.867481594665926
"ANIMALIA",2011,"Extinct",432,25366,506,0.0225929606192145,0.0170306709768982,0.853754940711462
"ANIMALIA",2011,"Extinct in the Wild",24,25366,45,0.00125516447884525,0.000946148387605456,0.533333333333333
"ANIMALIA",2011,"Critically Endangered",1440,25366,2917,0.0753098687307149,0.0567689032563274,0.493657867672266
"ANIMALIA",2011,"Lower Risk/conservation dependent",25,25366,205,0.00130746299879713,0.000985571237089017,0.121951219512195
"ANIMALIA",2011,"Lower Risk/least concern",82,25366,603,0.0042884786360546,0.00323267365765198,0.135986733001658
"ANIMALIA",2011,"Lower Risk/near threatened",227,25366,792,0.011871764029078,0.00894898683276827,0.286616161616162
"ANIMALIA",2011,"All Threatened",6845,25366,14987,0.357983369070655,0.269849404714973,0.456729165276573
"ANIMALIA",2012,"All Categories",28023,28023,41662,NA,1,0.672627334261437
"ANIMALIA",2012,"Near Threatened",1408,28023,2007,0.0675753503551545,0.0502444420654462,0.701544593921276
"ANIMALIA",2012,"Vulnerable",3264,28023,7688,0.156651948550586,0.116475752060807,0.424557752341311
"ANIMALIA",2012,"Endangered",1951,28023,4313,0.0936360145901325,0.0696213824358563,0.452353350336193
"ANIMALIA",2012,"Least Concern",11838,28023,14074,0.56815127663659,0.422438711058773,0.841125479607787
"ANIMALIA",2012,"Data Deficient",7187,28023,8254,0.344931848723363,0.256467901366734,0.870729343348679
"ANIMALIA",2012,"Extinct",441,28023,521,0.0211652908427721,0.0157370731185098,0.846449136276392
"ANIMALIA",2012,"Extinct in the Wild",24,28023,45,0.00115185256287195,0.000856439353388288,0.533333333333333
"ANIMALIA",2012,"Critically Endangered",1576,28023,3160,0.0756383182952582,0.0562395175391643,0.49873417721519
"ANIMALIA",2012,"Lower Risk/conservation dependent",25,28023,205,0.00119984641965828,0.000892124326446134,0.121951219512195
"ANIMALIA",2012,"Lower Risk/least concern",82,28023,603,0.00393549625647917,0.00292616779074332,0.135986733001658
"ANIMALIA",2012,"Lower Risk/near threatened",227,28023,792,0.0108946054904972,0.00810048888413089,0.286616161616162
"ANIMALIA",2012,"All Threatened",7256,28023,15727,0.34824342484162,0.258930164507726,0.46137216252305
"ANIMALIA",2013,"All Categories",32026,32026,47786,NA,1,0.670196291800946
"ANIMALIA",2013,"Near Threatened",1497,32026,2244,0.0628859483301827,0.0467432710922376,0.667112299465241
"ANIMALIA",2013,"Vulnerable",3514,32026,8123,0.147616047048939,0.109723349778305,0.432598793549181
"ANIMALIA",2013,"Endangered",2139,32026,4924,0.0898550724637681,0.06678948354462,0.434402924451665
"ANIMALIA",2013,"Least Concern",14179,32026,17477,0.595631169922285,0.442734028601761,0.811294844652973
"ANIMALIA",2013,"Data Deficient",8221,32026,9413,0.345347616047049,0.256697683132455,0.873366620631042
"ANIMALIA",2013,"Extinct",459,32026,539,0.0192816635160681,0.0143321051645538,0.851576994434137
"ANIMALIA",2013,"Extinct in the Wild",24,32026,45,0.00100819155639572,0.000749391119715231,0.533333333333333
"ANIMALIA",2013,"Critically Endangered",1659,32026,3421,0.0696912413358538,0.0518016611503154,0.484945922244958
"ANIMALIA",2013,"Lower Risk/conservation dependent",25,32026,205,0.0010501995379122,0.000780615749703366,0.121951219512195
"ANIMALIA",2013,"Lower Risk/least concern",82,32026,603,0.00344465448435203,0.00256041965902704,0.135986733001658
"ANIMALIA",2013,"Lower Risk/near threatened",227,32026,792,0.00953581180424281,0.00708799100730656,0.286616161616162
"ANIMALIA",2013,"All Threatened",7795,32026,17052,0.327452215921025,0.24339599075751,0.457131128313394
"ANIMALIA",2014,"All Categories",35784,35784,53132,NA,1,0.673492433938116
"ANIMALIA",2014,"Near Threatened",1732,35784,2571,0.0645979412203491,0.0484015202325061,0.67366783352781
"ANIMALIA",2014,"Vulnerable",3779,35784,8572,0.140944353274653,0.105605857366421,0.440853943070462
"ANIMALIA",2014,"Endangered",2455,35784,5496,0.0915634790392362,0.0686060809300246,0.446688500727802
"ANIMALIA",2014,"Least Concern",16110,35784,20063,0.600850365507982,0.450201207243461,0.8029706424762
"ANIMALIA",2014,"Data Deficient",8972,35784,10366,0.334626286737282,0.250726581712497,0.865521898514374
"ANIMALIA",2014,"Extinct",488,35784,578,0.0182008056094286,0.0136373798345629,0.844290657439446
"ANIMALIA",2014,"Extinct in the Wild",24,35784,53,0.000895121587348948,0.000670690811535882,0.452830188679245
"ANIMALIA",2014,"Critically Endangered",1890,35784,3833,0.0704908250037297,0.0528169014084507,0.493086355335247
"ANIMALIA",2014,"Lower Risk/conservation dependent",25,35784,205,0.000932418320155154,0.000698636262016544,0.121951219512195
"ANIMALIA",2014,"Lower Risk/least concern",82,35784,603,0.00305833209010891,0.00229152693941426,0.135986733001658
"ANIMALIA",2014,"Lower Risk/near threatened",227,35784,792,0.0084663583470088,0.00634361725911022,0.286616161616162
"ANIMALIA",2014,"All Threatened",8636,35784,18532,0.322094584514397,0.241336910350995,0.466004748543061
"ANIMALIA",2015,"All Categories",39293,39293,57750,NA,1,0.680398268398268
"ANIMALIA",2015,"Near Threatened",1814,39293,2718,0.0609256398199772,0.0461659837630112,0.667402501839588
"ANIMALIA",2015,"Vulnerable",3922,39293,8897,0.131725666689058,0.0998142162726185,0.440822749241317
"ANIMALIA",2015,"Endangered",2637,39293,5982,0.0885672062873648,0.0671111902883465,0.440822467402207
"ANIMALIA",2015,"Least Concern",18596,39293,22837,0.624571774031034,0.473264958135037,0.814292595349652
"ANIMALIA",2015,"Data Deficient",9519,39293,10936,0.319708470477598,0.2422568905403,0.870427944403804
"ANIMALIA",2015,"Extinct",494,39293,585,0.016591657150534,0.0125722138803349,0.844444444444444
"ANIMALIA",2015,"Extinct in the Wild",25,39293,55,0.000839658762678847,0.000636245641717354,0.454545454545455
"ANIMALIA",2015,"Critically Endangered",1952,39293,4140,0.0655605561899644,0.049678059705291,0.471497584541063
"ANIMALIA",2015,"Lower Risk/conservation dependent",25,39293,205,0.000839658762678847,0.000636245641717354,0.121951219512195
"ANIMALIA",2015,"Lower Risk/least concern",82,39293,603,0.00275408074158662,0.00208688570483292,0.135986733001658
"ANIMALIA",2015,"Lower Risk/near threatened",227,39293,792,0.00762410156512393,0.00577711042679358,0.286616161616162
"ANIMALIA",2015,"All Threatened",9030,39293,19659,0.3032847450796,0.229811925788308,0.459331603845567
"ANIMALIA",2016,"All Categories",54286,54286,74396,NA,1,0.729689768267111
"ANIMALIA",2016,"Near Threatened",2836,54286,3790,0.0651954022988506,0.0522418303061563,0.748284960422164
"ANIMALIA",2016,"Vulnerable",4888,54286,9980,0.112367816091954,0.090041631359835,0.489779559118236
"ANIMALIA",2016,"Endangered",3459,54286,7019,0.0795172413793103,0.0637180856942858,0.492805242912096
"ANIMALIA",2016,"Least Concern",29033,54286,34144,0.667425287356322,0.534815606233651,0.850310449859419
"ANIMALIA",2016,"Data Deficient",10786,54286,12379,0.247954022988506,0.198688427955642,0.871314322643186
"ANIMALIA",2016,"Extinct",662,54286,776,0.0152183908045977,0.0121946726596176,0.853092783505155
"ANIMALIA",2016,"Extinct in the Wild",30,54286,63,0.000689655172413793,0.000552628670375419,0.476190476190476
"ANIMALIA",2016,"Critically Endangered",2258,54286,4643,0.0519080459770115,0.0415945179235899,0.486323497738531
"ANIMALIA",2016,"Lower Risk/conservation dependent",25,54286,205,0.000574712643678161,0.000460523891979516,0.121951219512195
"ANIMALIA",2016,"Lower Risk/least concern",82,54286,605,0.00188505747126437,0.00151051836569281,0.135537190082645
"ANIMALIA",2016,"Lower Risk/near threatened",227,54286,792,0.0052183908045977,0.004181556939174,0.286616161616162
"ANIMALIA",2016,"All Threatened",11297,54286,22481,0.259701149425287,0.208101536307704,0.502513233397091
"ANIMALIA",2017,"All Categories",61551,61551,85340,NA,1,0.721244434028592
"ANIMALIA",2017,"Near Threatened",3490,61551,4707,0.0700535940103174,0.0567009471820117,0.741448905884852
"ANIMALIA",2017,"Vulnerable",5479,61551,11020,0.109978120797286,0.0890156130688372,0.497186932849365
"ANIMALIA",2017,"Endangered",3935,61551,8004,0.0789859290632088,0.0639307241149616,0.491629185407296
"ANIMALIA",2017,"Least Concern",33284,61551,40209,0.668098516630201,0.540754821205179,0.827774876271481
"ANIMALIA",2017,"Data Deficient",11732,61551,13667,0.235492482787691,0.190606163994086,0.858418087363723
"ANIMALIA",2017,"Extinct",725,61551,842,0.014552680704149,0.0117788500593004,0.86104513064133
"ANIMALIA",2017,"Extinct in the Wild",33,61551,66,0.000662397880326783,0.000536140761319881,0.5
"ANIMALIA",2017,"Critically Endangered",2538,61551,5217,0.0509444187960417,0.0412340985524199,0.486486486486487
"ANIMALIA",2017,"Lower Risk/conservation dependent",25,61551,207,0.000501816576005139,0.000406167243424152,0.120772946859903
"ANIMALIA",2017,"Lower Risk/least concern",82,61551,607,0.00164595836929685,0.00133222855843122,0.135090609555189
"ANIMALIA",2017,"Lower Risk/near threatened",228,61551,794,0.00457656717316686,0.00370424526002827,0.287153652392947
"ANIMALIA",2017,"All Threatened",12710,61551,25149,0.255123547241012,0.206495426556839,0.505387888186409
"ANIMALIA",2018,"All Categories",68609,68609,96101,NA,1,0.713925973715154
"ANIMALIA",2018,"Near Threatened",3910,68609,5272,0.0697740818730147,0.0569896077774053,0.74165402124431
"ANIMALIA",2018,"Vulnerable",5988,68609,11871,0.106856061957957,0.0872771793787987,0.504422542330048
"ANIMALIA",2018,"Endangered",4383,68609,8925,0.0782147828259395,0.063883747030273,0.49109243697479
"ANIMALIA",2018,"Least Concern",37752,68609,46858,0.673685713265998,0.550248509670743,0.805668188996543
"ANIMALIA",2018,"Data Deficient",12571,68609,14842,0.224329918983547,0.183226690375898,0.846988276512599
"ANIMALIA",2018,"Extinct",745,68609,867,0.0132945501266997,0.0108586337069481,0.859284890426759
"ANIMALIA",2018,"Extinct in the Wild",34,68609,69,0.000606731146721867,0.000495561806760046,0.492753623188406
"ANIMALIA",2018,"Critically Endangered",2891,68609,5780,0.0515899925050858,0.0421373289218616,0.500173010380623
"ANIMALIA",2018,"Lower Risk/conservation dependent",25,68609,208,0.000446125843177844,0.00036438368144121,0.120192307692308
"ANIMALIA",2018,"Lower Risk/least concern",82,68609,611,0.00146329276562333,0.00119517847512717,0.134206219312602
"ANIMALIA",2018,"Lower Risk/near threatened",228,68609,798,0.00406866768978193,0.00332317917474384,0.285714285714286
"ANIMALIA",2018,"All Threatened",14041,68609,27512,0.250562118562404,0.204652450844641,0.510359116022099
"ANIMALIA",2019,"All Categories",72795,72795,105775,NA,1,0.688206097849208
"ANIMALIA",2019,"Near Threatened",4140,72795,5654,0.06984630438817,0.0568720379146919,0.73222497347011
"ANIMALIA",2019,"Vulnerable",6249,72795,12465,0.105427429014897,0.085843807953843,0.501323706377858
"ANIMALIA",2019,"Endangered",4739,72795,9757,0.0799520861100332,0.0651006250429288,0.485702572512043
"ANIMALIA",2019,"Least Concern",39873,72795,53462,0.672700892480556,0.547743663713167,0.74581946055142
"ANIMALIA",2019,"Data Deficient",13522,72795,15783,0.228130852158656,0.185754516106875,0.856744598618767
"ANIMALIA",2019,"Extinct",768,72795,875,0.012956995596646,0.0105501751493921,0.877714285714286
"ANIMALIA",2019,"Extinct in the Wild",43,72795,73,0.000725456784708046,0.000590699910708153,0.589041095890411
"ANIMALIA",2019,"Critically Endangered",3126,72795,6129,0.0527390211394733,0.0429425097877601,0.510034263338228
"ANIMALIA",2019,"Lower Risk/conservation dependent",25,72795,205,0.000421777200411655,0.000343430180644275,0.121951219512195
"ANIMALIA",2019,"Lower Risk/least concern",82,72795,587,0.00138342921735023,0.00112645099251322,0.1396933560477
"ANIMALIA",2019,"Lower Risk/near threatened",228,72795,785,0.00384660806775429,0.00313208324747579,0.290445859872611
"ANIMALIA",2019,"All Threatened",14925,72795,29299,0.251800988645758,0.205027817844632,0.509403051298679
"PLANTAE",1996,"All Categories",0,0,2555,NA,1,0
"PLANTAE",1996,"Near Threatened",0,0,0,0,0,0
"PLANTAE",1996,"Vulnerable",0,0,944,0,0,0
"PLANTAE",1996,"Endangered",0,0,253,0,0,0
"PLANTAE",1996,"Least Concern",0,0,0,0,0,0
"PLANTAE",1996,"Data Deficient",0,0,550,0,0,0
"PLANTAE",1996,"Extinct",0,0,235,0,0,0
"PLANTAE",1996,"Extinct in the Wild",0,0,7,0,0,0
"PLANTAE",1996,"Critically Endangered",0,0,254,0,0,0
"PLANTAE",1996,"Lower Risk/conservation dependent",0,0,24,0,0,0
"PLANTAE",1996,"Lower Risk/least concern",0,0,71,0,0,0
"PLANTAE",1996,"Lower Risk/near threatened",0,0,217,0,0,0
"PLANTAE",1996,"All Threatened",0,0,1693,0,0,0
"PLANTAE",1998,"All Categories",5876,5876,8431,NA,1,0.696951725773929
"PLANTAE",1998,"Near Threatened",0,5876,0,0,0,0
"PLANTAE",1998,"Vulnerable",2629,5876,3573,0.469632011432655,0.447413206262764,0.735796249650154
"PLANTAE",1998,"Endangered",966,5876,1219,0.172561629153269,0.164397549353302,0.792452830188679
"PLANTAE",1998,"Least Concern",0,5876,0,0,0,0
"PLANTAE",1998,"Data Deficient",278,5876,828,0.0496605930689532,0.0473110959836624,0.335748792270531
"PLANTAE",1998,"Extinct",53,5876,288,0.00946766702393712,0.00901974132062628,0.184027777777778
"PLANTAE",1998,"Extinct in the Wild",9,5876,16,0.00160771704180064,0.00153165418652144,0.5625
"PLANTAE",1998,"Critically Endangered",719,5876,973,0.128438728117185,0.122362151123213,0.738951695786228
"PLANTAE",1998,"Lower Risk/conservation dependent",178,5876,202,0.0317970703822794,0.0302927161334241,0.881188118811881
"PLANTAE",1998,"Lower Risk/least concern",503,5876,574,0.0898535191139693,0.0856024506466984,0.876306620209059
"PLANTAE",1998,"Lower Risk/near threatened",541,5876,758,0.0966416577349053,0.092069434989789,0.713720316622691
"PLANTAE",1998,"All Threatened",4376,5876,6069,0.781707752768846,0.744724302246426,0.721041357719558
"PLANTAE",2000,"All Categories",6126,6126,8924,NA,1,0.68646346929628
"PLANTAE",2000,"Near Threatened",0,6126,0,0,0,0
"PLANTAE",2000,"Vulnerable",2697,6126,3697,0.461498973305955,0.440254652301665,0.729510413849067
"PLANTAE",2000,"Endangered",1004,6126,1301,0.171800136892539,0.163891609533137,0.771714066102998
"PLANTAE",2000,"Least Concern",0,6126,0,0,0,0
"PLANTAE",2000,"Data Deficient",282,6126,845,0.0482546201232033,0.0460333006856024,0.333727810650888
"PLANTAE",2000,"Extinct",55,6126,352,0.0094113620807666,0.00897812602024159,0.15625
"PLANTAE",2000,"Extinct in the Wild",9,6126,19,0.00154004106776181,0.00146914789422135,0.473684210526316
"PLANTAE",2000,"Critically Endangered",813,6126,1110,0.13911704312115,0.132713026444662,0.732432432432432
"PLANTAE",2000,"Lower Risk/conservation dependent",180,6126,205,0.0308008213552361,0.029382957884427,0.878048780487805
"PLANTAE",2000,"Lower Risk/least concern",521,6126,603,0.089151266255989,0.0850473392099249,0.864013266998342
"PLANTAE",2000,"Lower Risk/near threatened",565,6126,792,0.0966803559206023,0.0922298400261182,0.713383838383838
"PLANTAE",2000,"All Threatened",4578,6126,6479,0.783367556468172,0.747306562193928,0.706590523228893
"PLANTAE",2002,"All Categories",6127,6127,8927,NA,1,0.686344796684216
"PLANTAE",2002,"Near Threatened",0,6127,0,0,0,0
"PLANTAE",2002,"Vulnerable",2697,6127,3697,0.46142001710864,0.440182797453893,0.729510413849067
"PLANTAE",2002,"Endangered",1004,6127,1302,0.171770744225834,0.163864860453729,0.771121351766513
"PLANTAE",2002,"Least Concern",0,6127,0,0,0,0
"PLANTAE",2002,"Data Deficient",282,6127,845,0.0482463644140291,0.0460257874979599,0.333727810650888
"PLANTAE",2002,"Extinct",55,6127,352,0.00940975192472198,0.00897666068222621,0.15625
"PLANTAE",2002,"Extinct in the Wild",9,6127,20,0.00153977758768178,0.00146890811163702,0.45
"PLANTAE",2002,"Critically Endangered",814,6127,1111,0.139264328485885,0.132854578096948,0.732673267326733
"PLANTAE",2002,"Lower Risk/conservation dependent",180,6127,205,0.0307955517536356,0.0293781622327403,0.878048780487805
"PLANTAE",2002,"Lower Risk/least concern",521,6127,603,0.0891360136869119,0.0850334584625428,0.864013266998342
"PLANTAE",2002,"Lower Risk/near threatened",565,6127,792,0.0966638152266895,0.0922147870083238,0.713383838383838
"PLANTAE",2002,"All Threatened",4579,6127,6482,0.783404619332763,0.747347804798433,0.706417772292502
"PLANTAE",2003,"All Categories",7384,7384,10274,NA,1,0.718707416780222
"PLANTAE",2003,"Near Threatened",124,7384,134,0.0178983833718245,0.0167930660888407,0.925373134328358
"PLANTAE",2003,"Vulnerable",3120,7384,4135,0.450346420323326,0.422535211267606,0.75453446191052
"PLANTAE",2003,"Endangered",1301,7384,1608,0.187788683602771,0.176191765980498,0.80907960199005
"PLANTAE",2003,"Least Concern",65,7384,71,0.00938221709006928,0.00880281690140845,0.915492957746479
"PLANTAE",2003,"Data Deficient",456,7384,1034,0.0658198614318707,0.0617551462621885,0.44100580270793
"PLANTAE",2003,"Extinct",63,7384,362,0.00909353348729792,0.00853196099674973,0.174033149171271
"PLANTAE",2003,"Extinct in the Wild",12,7384,23,0.00173210161662818,0.00162513542795233,0.521739130434783
"PLANTAE",2003,"Critically Endangered",977,7384,1307,0.141021939953811,0.132313109425785,0.747513389441469
"PLANTAE",2003,"Lower Risk/conservation dependent",180,7384,205,0.0259815242494226,0.0243770314192849,0.878048780487805
"PLANTAE",2003,"Lower Risk/least concern",521,7384,603,0.07520207852194,0.070557963163597,0.864013266998342
"PLANTAE",2003,"Lower Risk/near threatened",565,7384,792,0.0815531177829099,0.0765167930660888,0.713383838383838
"PLANTAE",2003,"All Threatened",5473,7384,7435,0.789982678983834,0.741197183098592,0.736112979152656
"PLANTAE",2004,"All Categories",9530,9530,15311,NA,1,0.62242831950885
"PLANTAE",2004,"Near Threatened",255,9530,434,0.0284122562674095,0.0267576075550892,0.587557603686636
"PLANTAE",2004,"Vulnerable",3933,9530,5229,0.438217270194986,0.412696747114376,0.752151462994836
"PLANTAE",2004,"Endangered",1877,9530,2505,0.209136490250696,0.196956977964323,0.749301397205589
"PLANTAE",2004,"Least Concern",389,9530,1439,0.0433426183844011,0.0408184679958027,0.270326615705351
"PLANTAE",2004,"Data Deficient",555,9530,1987,0.0618384401114206,0.0582371458551941,0.279315551082033
"PLANTAE",2004,"Extinct",67,9530,396,0.00746518105849582,0.00703043022035677,0.169191919191919
"PLANTAE",2004,"Extinct in the Wild",12,9530,24,0.00133704735376045,0.0012591815320042,0.5
"PLANTAE",2004,"Critically Endangered",1176,9530,1697,0.131030640668524,0.123399790136411,0.692987625220978
"PLANTAE",2004,"Lower Risk/conservation dependent",180,9530,205,0.0200557103064067,0.018887722980063,0.878048780487805
"PLANTAE",2004,"Lower Risk/least concern",521,9530,603,0.058050139275766,0.0546694648478489,0.864013266998342
"PLANTAE",2004,"Lower Risk/near threatened",565,9530,792,0.0629526462395543,0.059286463798531,0.713383838383838
"PLANTAE",2004,"All Threatened",7065,9530,9851,0.787186629526462,0.741343126967471,0.717186072479951
"PLANTAE",2006,"All Categories",9583,9583,16286,NA,1,0.588419501412256
"PLANTAE",2006,"Near Threatened",258,9583,488,0.0285840904054952,0.0269226755713242,0.528688524590164
"PLANTAE",2006,"Vulnerable",3933,9583,5370,0.435741192111677,0.41041427527914,0.732402234636871
"PLANTAE",2006,"Endangered",1896,9583,2627,0.210059827165965,0.197850360012522,0.72173582032737
"PLANTAE",2006,"Least Concern",389,9583,1794,0.0430977177044095,0.0405927162683919,0.216833890746934
"PLANTAE",2006,"Data Deficient",557,9583,2179,0.0617106137824064,0.0581237608264635,0.255621844882974
"PLANTAE",2006,"Extinct",68,9583,402,0.00753379126966541,0.00709589898779088,0.169154228855721
"PLANTAE",2006,"Extinct in the Wild",12,9583,24,0.00132949257699978,0.00125221746843368,0.5
"PLANTAE",2006,"Critically Endangered",1204,9583,1802,0.133392421892311,0.12563915266618,0.668146503884573
"PLANTAE",2006,"Lower Risk/conservation dependent",180,9583,205,0.0199423886549967,0.0187832620265053,0.878048780487805
"PLANTAE",2006,"Lower Risk/least concern",521,9583,603,0.057722136051407,0.0543671084211625,0.864013266998342
"PLANTAE",2006,"Lower Risk/near threatened",565,9583,792,0.0625969421670729,0.058958572472086,0.713383838383838
"PLANTAE",2006,"All Threatened",7113,9583,10225,0.788056725016619,0.742251904414067,0.695647921760391
"PLANTAE",2007,"All Categories",9718,9718,17249,NA,1,0.563394979419097
"PLANTAE",2007,"Near Threatened",260,9718,525,0.0285777093866784,0.0267544762296769,0.495238095238095
"PLANTAE",2007,"Vulnerable",3941,9718,5434,0.433172125741921,0.40553611854291,0.725248435774752
"PLANTAE",2007,"Endangered",1907,9718,2684,0.209606506924599,0.196233792961515,0.710506706408346
"PLANTAE",2007,"Least Concern",416,9718,2316,0.0457243350186854,0.042807161967483,0.179620034542314
"PLANTAE",2007,"Data Deficient",620,9718,2419,0.0681468454605408,0.0637991356246141,0.256304257957834
"PLANTAE",2007,"Extinct",69,9718,403,0.00758408441415696,0.00710022638402964,0.1712158808933
"PLANTAE",2007,"Extinct in the Wild",12,9718,24,0.00131897120246208,0.00123482197983124,0.5
"PLANTAE",2007,"Critically Endangered",1227,9718,1844,0.134864805451748,0.126260547437744,0.665401301518438
"PLANTAE",2007,"Lower Risk/conservation dependent",180,9718,205,0.0197845680369312,0.0185223296974686,0.878048780487805
"PLANTAE",2007,"Lower Risk/least concern",521,9718,603,0.0572653330402286,0.0536118542910064,0.864013266998342
"PLANTAE",2007,"Lower Risk/near threatened",565,9718,792,0.0621015607825896,0.0581395348837209,0.713383838383838
"PLANTAE",2007,"All Threatened",7156,9718,10389,0.786546493734887,0.73636550730603,0.688805467321205
"PLANTAE",2008,"All Categories",9733,9733,20856,NA,1,0.466676256233218
"PLANTAE",2008,"Near Threatened",262,9733,805,0.028750137166685,0.0269187300934964,0.325465838509317
"PLANTAE",2008,"Vulnerable",3943,9733,5955,0.432678591023812,0.405116613582657,0.662132661628883
"PLANTAE",2008,"Endangered",1910,9733,2969,0.209590694612093,0.196239597246481,0.643314247221287
"PLANTAE",2008,"Least Concern",416,9733,3554,0.0456490727532097,0.0427411897667728,0.117051209904333
"PLANTAE",2008,"Data Deficient",620,9733,3476,0.0680346757379568,0.0637008116716326,0.178365937859609
"PLANTAE",2008,"Extinct",69,9733,428,0.0075716010095468,0.00708928387958492,0.161214953271028
"PLANTAE",2008,"Extinct in the Wild",13,9733,26,0.0014265335235378,0.00133566218021165,0.5
"PLANTAE",2008,"Critically Endangered",1234,9733,2043,0.135410951388127,0.126785163875475,0.604013705335291
"PLANTAE",2008,"Lower Risk/conservation dependent",180,9733,205,0.0197520026336004,0.0184937840336998,0.878048780487805
"PLANTAE",2008,"Lower Risk/least concern",521,9733,603,0.0571710742894766,0.0535292304530977,0.864013266998342
"PLANTAE",2008,"Lower Risk/near threatened",565,9733,792,0.0619993415999122,0.058049933216891,0.713383838383838
"PLANTAE",2008,"All Threatened",7169,9733,11421,0.786678371557116,0.73656632076441,0.627703353471675
"PLANTAE",2009,"All Categories",9857,9857,23348,NA,1,0.42217748843584
"PLANTAE",2009,"Near Threatened",274,9857,967,0.0296761615942814,0.0277975043116567,0.28335056876939
"PLANTAE",2009,"Vulnerable",3967,9857,6159,0.429654500162461,0.402455108045044,0.64409806786816
"PLANTAE",2009,"Endangered",1950,9857,3124,0.211198960251273,0.197828954042812,0.624199743918054
"PLANTAE",2009,"Least Concern",450,9857,4655,0.0487382215964475,0.0456528355483413,0.0966702470461869
"PLANTAE",2009,"Data Deficient",624,9857,4204,0.0675836672804072,0.0633052652936999,0.148430066603235
"PLANTAE",2009,"Extinct",69,9857,463,0.00747319397812195,0.00700010145074566,0.14902807775378
"PLANTAE",2009,"Extinct in the Wild",13,9857,37,0.00140799306834182,0.00131885969361875,0.351351351351351
"PLANTAE",2009,"Critically Endangered",1244,9857,2139,0.134734105924402,0.126204727604748,0.581580177653109
"PLANTAE",2009,"Lower Risk/conservation dependent",180,9857,205,0.019495288638579,0.0182611342193365,0.878048780487805
"PLANTAE",2009,"Lower Risk/least concern",521,9857,603,0.0564280298927759,0.0528558384904129,0.864013266998342
"PLANTAE",2009,"Lower Risk/near threatened",565,9857,792,0.0611935448933175,0.0573196712995841,0.713383838383838
"PLANTAE",2009,"All Threatened",7243,9857,11922,0.784468753384599,0.734807750836969,0.607532293239389
"PLANTAE",2010,"All Categories",10834,10834,31679,NA,1,0.341993118469649
"PLANTAE",2010,"Near Threatened",408,10834,1395,0.0403122221124395,0.0376592209710172,0.29247311827957
"PLANTAE",2010,"Vulnerable",4144,10834,6852,0.409445706945954,0.382499538489939,0.604786923525978
"PLANTAE",2010,"Endangered",2076,10834,3607,0.205118071336824,0.191618977293705,0.575547546437483
"PLANTAE",2010,"Least Concern",801,10834,9254,0.079142377235451,0.0739339117592764,0.0865571644694186
"PLANTAE",2010,"Data Deficient",713,10834,5880,0.0704475842308072,0.0658113346870962,0.121258503401361
"PLANTAE",2010,"Extinct",69,10834,485,0.00681750815136844,0.00636883884068673,0.142268041237113
"PLANTAE",2010,"Extinct in the Wild",18,10834,42,0.00177848038731351,0.00166143621930958,0.428571428571429
"PLANTAE",2010,"Critically Endangered",1339,10834,2564,0.132299179922933,0.123592394314196,0.522230889235569
"PLANTAE",2010,"Lower Risk/conservation dependent",180,10834,205,0.0177848038731351,0.0166143621930958,0.878048780487805
"PLANTAE",2010,"Lower Risk/least concern",521,10834,603,0.0514771267661298,0.048089348347794,0.864013266998342
"PLANTAE",2010,"Lower Risk/near threatened",565,10834,792,0.0558245232684517,0.0521506368838841,0.713383838383838
"PLANTAE",2010,"All Threatened",7646,10834,13550,0.755458946744393,0.705741185157836,0.564280442804428
"PLANTAE",2011,"All Categories",12350,12350,37733,NA,1,0.32729971112819
"PLANTAE",2011,"Near Threatened",506,12350,1835,0.0443665059184568,0.0409716599190283,0.27574931880109
"PLANTAE",2011,"Vulnerable",4327,12350,7473,0.379395002192021,0.350364372469636,0.579017797403988
"PLANTAE",2011,"Endangered",2240,12350,4046,0.196405085488821,0.181376518218623,0.55363321799308
"PLANTAE",2011,"Least Concern",1499,12350,12112,0.131433581762385,0.121376518218623,0.123761558784676
"PLANTAE",2011,"Data Deficient",945,12350,7199,0.0828583954405962,0.0765182186234818,0.131268231698847
"PLANTAE",2011,"Extinct",74,12350,506,0.00648838228846997,0.0059919028340081,0.146245059288538
"PLANTAE",2011,"Extinct in the Wild",21,12350,45,0.00184129767645769,0.0017004048582996,0.466666666666667
"PLANTAE",2011,"Critically Endangered",1472,12350,2917,0.129066199035511,0.11919028340081,0.504628042509427
"PLANTAE",2011,"Lower Risk/conservation dependent",180,12350,205,0.0157825515124945,0.0145748987854251,0.878048780487805
"PLANTAE",2011,"Lower Risk/least concern",521,12350,603,0.045681718544498,0.0421862348178138,0.864013266998342
"PLANTAE",2011,"Lower Risk/near threatened",565,12350,792,0.0495396755808856,0.045748987854251,0.713383838383838
"PLANTAE",2011,"All Threatened",8134,12350,14987,0.71319596668128,0.658623481781377,0.542737038766931
"PLANTAE",2012,"All Categories",13622,13622,41662,NA,1,0.326964620037444
"PLANTAE",2012,"Near Threatened",599,13622,2007,0.0476758993950971,0.0439729848774042,0.298455406078724
"PLANTAE",2012,"Vulnerable",4423,13622,7688,0.352037567653613,0.324695345764205,0.575312174817898
"PLANTAE",2012,"Endangered",2360,13622,4313,0.187838268067494,0.173249155777419,0.547182935311848
"PLANTAE",2012,"Least Concern",2236,13622,14074,0.177968799745304,0.164146234033182,0.158874520392213
"PLANTAE",2012,"Data Deficient",1058,13622,8254,0.0842088506844954,0.0776684774629276,0.128180276229707
"PLANTAE",2012,"Extinct",80,13622,521,0.00636739891754218,0.00587285273821759,0.153550863723608
"PLANTAE",2012,"Extinct in the Wild",21,13622,45,0.00167144221585482,0.00154162384378212,0.466666666666667
"PLANTAE",2012,"Critically Endangered",1579,13622,3160,0.125676536134989,0.11591543092057,0.499683544303797
"PLANTAE",2012,"Lower Risk/conservation dependent",180,13622,205,0.0143266475644699,0.0132139186609896,0.878048780487805
"PLANTAE",2012,"Lower Risk/least concern",521,13622,603,0.0414676854504935,0.038246953457642,0.864013266998342
"PLANTAE",2012,"Lower Risk/near threatened",565,13622,792,0.0449697548551417,0.0414770224636617,0.713383838383838
"PLANTAE",2012,"All Threatened",8463,13622,15727,0.673591212989494,0.621274409044193,0.53811915813569
"PLANTAE",2013,"All Categories",15743,15743,47786,NA,1,0.329447955468129
"PLANTAE",2013,"Near Threatened",747,15743,2244,0.0513049450549451,0.0474496601664232,0.332887700534759
"PLANTAE",2013,"Vulnerable",4608,15743,8123,0.316483516483516,0.292701518135044,0.567278099224425
"PLANTAE",2013,"Endangered",2783,15743,4924,0.19114010989011,0.176776980245188,0.56519090170593
"PLANTAE",2013,"Least Concern",3298,15743,17477,0.226510989010989,0.209489932033285,0.188705155347028
"PLANTAE",2013,"Data Deficient",1183,15743,9413,0.08125,0.0751445086705202,0.1256772548603
"PLANTAE",2013,"Extinct",80,15743,539,0.00549450549450549,0.00508162357873341,0.148423005565863
"PLANTAE",2013,"Extinct in the Wild",21,15743,45,0.00144230769230769,0.00133392618941752,0.466666666666667
"PLANTAE",2013,"Critically Endangered",1757,15743,3421,0.120673076923077,0.111605157847932,0.513592516807951
"PLANTAE",2013,"Lower Risk/conservation dependent",180,15743,205,0.0123626373626374,0.0114336530521502,0.878048780487805
"PLANTAE",2013,"Lower Risk/least concern",521,15743,603,0.035782967032967,0.0330940735565013,0.864013266998342
"PLANTAE",2013,"Lower Risk/near threatened",565,15743,792,0.0388049450549451,0.0358889665248047,0.713383838383838
"PLANTAE",2013,"All Threatened",9249,15743,17052,0.635233516483516,0.587499205996316,0.542399718508093
"PLANTAE",2014,"All Categories",17329,17329,53132,NA,1,0.326149966122111
"PLANTAE",2014,"Near Threatened",839,17329,2571,0.0526216758655293,0.0484159501413815,0.32633216647219
"PLANTAE",2014,"Vulnerable",4791,17329,8572,0.30048921224285,0.276472964394945,0.558912739150723
"PLANTAE",2014,"Endangered",3038,17329,5496,0.190541896638234,0.175313059033989,0.552765647743814
"PLANTAE",2014,"Least Concern",3953,17329,20063,0.247930255895635,0.228114720987939,0.1970293575238
"PLANTAE",2014,"Data Deficient",1385,17329,10366,0.0868665328650276,0.0799238271106238,0.133609878448775
"PLANTAE",2014,"Extinct",90,17329,578,0.00564475664826894,0.00519360609383115,0.155709342560554
"PLANTAE",2014,"Extinct in the Wild",29,17329,53,0.00181886603110888,0.00167349529690115,0.547169811320755
"PLANTAE",2014,"Critically Endangered",1938,17329,3833,0.121550426492725,0.111835651220497,0.505609183407253
"PLANTAE",2014,"Lower Risk/conservation dependent",180,17329,205,0.0112895132965379,0.0103872121876623,0.878048780487805
"PLANTAE",2014,"Lower Risk/least concern",521,17329,603,0.0326768690416458,0.0300652086098448,0.864013266998342
"PLANTAE",2014,"Lower Risk/near threatened",565,17329,792,0.0354365278474661,0.0326043049223844,0.713383838383838
"PLANTAE",2014,"All Threatened",9886,17329,18532,0.620045158053186,0.570488776040164,0.533455644290956
"PLANTAE",2015,"All Categories",18410,18410,57750,NA,1,0.318787878787879
"PLANTAE",2015,"Near Threatened",900,18410,2718,0.0529318355584309,0.048886474741988,0.33112582781457
"PLANTAE",2015,"Vulnerable",4961,18410,8897,0.291772040228195,0.269473112438892,0.557603686635945
"PLANTAE",2015,"Endangered",3334,18410,5982,0.196083044168676,0.181097229766431,0.557338682714811
"PLANTAE",2015,"Least Concern",4241,18410,22837,0.24942657178145,0.230363932645301,0.185707404650348
"PLANTAE",2015,"Data Deficient",1407,18410,10936,0.0827501029230136,0.076425855513308,0.128657644476957
"PLANTAE",2015,"Extinct",91,18410,585,0.00535199670646357,0.00494296577946768,0.155555555555556
"PLANTAE",2015,"Extinct in the Wild",30,18410,55,0.00176439451861436,0.00162954915806627,0.545454545454545
"PLANTAE",2015,"Critically Endangered",2180,18410,4140,0.128212668352644,0.118413905486149,0.526570048309179
"PLANTAE",2015,"Lower Risk/conservation dependent",180,18410,205,0.0105863671116862,0.00977729494839761,0.878048780487805
"PLANTAE",2015,"Lower Risk/least concern",521,18410,603,0.0306416514732694,0.0282998370450842,0.864013266998342
"PLANTAE",2015,"Lower Risk/near threatened",565,18410,792,0.0332294301005705,0.0306898424769147,0.713383838383838
"PLANTAE",2015,"All Threatened",10596,18410,19659,0.623184143974593,0.575556762629006,0.538989775675263
"PLANTAE",2016,"All Categories",20062,20062,74396,NA,1,0.26966503575461
"PLANTAE",2016,"Near Threatened",950,20062,3790,0.0514097083175497,0.0473532050643007,0.25065963060686
"PLANTAE",2016,"Vulnerable",5078,20062,9980,0.274798419827913,0.253115342438441,0.508817635270541
"PLANTAE",2016,"Endangered",3548,20062,7019,0.192001731695438,0.176851759545409,0.505485111839293
"PLANTAE",2016,"Least Concern",5111,20062,34144,0.276584230748417,0.254760243245938,0.149689550140581
"PLANTAE",2016,"Data Deficient",1583,20062,12379,0.0856648087017696,0.0789053932808294,0.12787785766217
"PLANTAE",2016,"Extinct",114,20062,776,0.00616916499810596,0.00568238460771608,0.146907216494845
"PLANTAE",2016,"Extinct in the Wild",33,20062,63,0.00178581092050436,0.00164490080749676,0.523809523809524
"PLANTAE",2016,"Critically Endangered",2377,20062,4643,0.128632501758753,0.118482703618782,0.511953478354512
"PLANTAE",2016,"Lower Risk/conservation dependent",180,20062,205,0.00974078683911467,0.0089721862227096,0.878048780487805
"PLANTAE",2016,"Lower Risk/least concern",523,20062,605,0.0283023973158721,0.0260691855248729,0.864462809917355
"PLANTAE",2016,"Lower Risk/near threatened",565,20062,792,0.0305752475783322,0.0281626956435051,0.713383838383838
"PLANTAE",2016,"All Threatened",11150,20062,22481,0.603387629200714,0.555777091017845,0.495974378363952
"PLANTAE",2017,"All Categories",23718,23718,85340,NA,1,0.277923599718772
"PLANTAE",2017,"Near Threatened",1211,23718,4707,0.0555606533308864,0.0510582679821233,0.257276396855747
"PLANTAE",2017,"Vulnerable",5520,23718,11020,0.25325747843641,0.23273463192512,0.500907441016334
"PLANTAE",2017,"Endangered",4051,23718,8004,0.1858597907873,0.170798549624758,0.506121939030485
"PLANTAE",2017,"Least Concern",6922,23718,40209,0.31758120756102,0.291845855468421,0.172150513566614
"PLANTAE",2017,"Data Deficient",1922,23718,13667,0.0881813176729675,0.0810355004637828,0.140630716323992
"PLANTAE",2017,"Extinct",117,23718,842,0.00536795742338044,0.00493296230710853,0.13895486935867
"PLANTAE",2017,"Extinct in the Wild",33,23718,66,0.00151403927326115,0.00139134834303061,0.5
"PLANTAE",2017,"Critically Endangered",2669,23718,5217,0.122453661222243,0.112530567501476,0.511596703086065
"PLANTAE",2017,"Lower Risk/conservation dependent",182,23718,207,0.00835015599192512,0.00767349692216882,0.879227053140097
"PLANTAE",2017,"Lower Risk/least concern",525,23718,607,0.0240869884382456,0.022135087275487,0.864909390444811
"PLANTAE",2017,"Lower Risk/near threatened",566,23718,794,0.0259680675353276,0.023863732186525,0.712846347607053
"PLANTAE",2017,"All Threatened",12390,23718,25149,0.568452927142595,0.522388059701492,0.492663724203746
"PLANTAE",2018,"All Categories",27411,27411,96101,NA,1,0.285231163047211
"PLANTAE",2018,"Near Threatened",1356,27411,5272,0.0539100703693396,0.0494691912006129,0.257207890743551
"PLANTAE",2018,"Vulnerable",5859,27411,11871,0.232934441219735,0.213746306227427,0.493555724033359
"PLANTAE",2018,"Endangered",4521,27411,8925,0.179739991253528,0.164933785706468,0.506554621848739
"PLANTAE",2018,"Least Concern",9103,27411,46858,0.361905140539896,0.332092955382875,0.19426778778437
"PLANTAE",2018,"Data Deficient",2258,27411,14842,0.0897706039041069,0.082375688592171,0.152135830750573
"PLANTAE",2018,"Extinct",122,27411,867,0.00485031606567805,0.00445076793987815,0.140715109573241
"PLANTAE",2018,"Extinct in the Wild",35,27411,69,0.00139148411720272,0.00127685965488308,0.507246376811594
"PLANTAE",2018,"Critically Endangered",2875,27411,5780,0.114300481055938,0.104884900222538,0.497404844290657
"PLANTAE",2018,"Lower Risk/conservation dependent",183,27411,208,0.00727547409851708,0.00667615190981723,0.879807692307692
"PLANTAE",2018,"Lower Risk/least concern",529,27411,611,0.0210312885142925,0.0192988216409471,0.865793780687398
"PLANTAE",2018,"Lower Risk/near threatened",570,27411,798,0.0226613127658729,0.0207945715223815,0.714285714285714
"PLANTAE",2018,"All Threatened",13412,27411,27512,0.533216713712082,0.489292619751195,0.487496365222448
"PLANTAE",2019,"All Categories",33799,33799,105775,NA,1,0.319536752540771
"PLANTAE",2019,"Near Threatened",1532,33799,5654,0.0488442531484138,0.0453267848161188,0.270958613371065
"PLANTAE",2019,"Vulnerable",6340,33799,12465,0.202136139008449,0.18757951418681,0.508624147613317
"PLANTAE",2019,"Endangered",5096,33799,9757,0.162474095329189,0.150773691529335,0.522291688018858
"PLANTAE",2019,"Least Concern",13889,33799,53462,0.442818428184282,0.410929317435427,0.259792001795668
"PLANTAE",2019,"Data Deficient",2434,33799,15783,0.0776024230830544,0.0720139649102044,0.154216562123804
"PLANTAE",2019,"Extinct",124,33799,875,0.00395345129921887,0.00366874759608272,0.141714285714286
"PLANTAE",2019,"Extinct in the Wild",35,33799,73,0.0011158935118763,0.00103553359566851,0.479452054794521
"PLANTAE",2019,"Critically Endangered",3067,33799,6129,0.0977841543121314,0.0907423296547235,0.500407896883668
"PLANTAE",2019,"Lower Risk/conservation dependent",183,33799,205,0.00583452893352463,0.00541436137163821,0.892682926829268
"PLANTAE",2019,"Lower Risk/least concern",529,33799,587,0.016865933365216,0.0156513506316755,0.901192504258944
"PLANTAE",2019,"Lower Risk/near threatened",570,33799,785,0.0181731229076997,0.0168644042723157,0.726114649681529
"PLANTAE",2019,"All Threatened",14662,33799,29299,0.467463733460864,0.43379981656262,0.500426635721356
"FUNGI",1996,"All Categories",0,0,2555,NA,1,0
"FUNGI",1996,"Near Threatened",0,0,0,0,0,0
"FUNGI",1996,"Vulnerable",0,0,944,0,0,0
"FUNGI",1996,"Endangered",0,0,253,0,0,0
"FUNGI",1996,"Least Concern",0,0,0,0,0,0
"FUNGI",1996,"Data Deficient",0,0,550,0,0,0
"FUNGI",1996,"Extinct",0,0,235,0,0,0
"FUNGI",1996,"Extinct in the Wild",0,0,7,0,0,0
"FUNGI",1996,"Critically Endangered",0,0,254,0,0,0
"FUNGI",1996,"Lower Risk/conservation dependent",0,0,24,0,0,0
"FUNGI",1996,"Lower Risk/least concern",0,0,71,0,0,0
"FUNGI",1996,"Lower Risk/near threatened",0,0,217,0,0,0
"FUNGI",1996,"All Threatened",0,0,1693,0,0,0
"FUNGI",1998,"All Categories",0,0,8431,NA,1,0
"FUNGI",1998,"Near Threatened",0,0,0,0,0,0
"FUNGI",1998,"Vulnerable",0,0,3573,0,0,0
"FUNGI",1998,"Endangered",0,0,1219,0,0,0
"FUNGI",1998,"Least Concern",0,0,0,0,0,0
"FUNGI",1998,"Data Deficient",0,0,828,0,0,0
"FUNGI",1998,"Extinct",0,0,288,0,0,0
"FUNGI",1998,"Extinct in the Wild",0,0,16,0,0,0
"FUNGI",1998,"Critically Endangered",0,0,973,0,0,0
"FUNGI",1998,"Lower Risk/conservation dependent",0,0,202,0,0,0
"FUNGI",1998,"Lower Risk/least concern",0,0,574,0,0,0
"FUNGI",1998,"Lower Risk/near threatened",0,0,758,0,0,0
"FUNGI",1998,"All Threatened",0,0,6069,0,0,0
"FUNGI",2000,"All Categories",0,0,8924,NA,1,0
"FUNGI",2000,"Near Threatened",0,0,0,0,0,0
"FUNGI",2000,"Vulnerable",0,0,3697,0,0,0
"FUNGI",2000,"Endangered",0,0,1301,0,0,0
"FUNGI",2000,"Least Concern",0,0,0,0,0,0
"FUNGI",2000,"Data Deficient",0,0,845,0,0,0
"FUNGI",2000,"Extinct",0,0,352,0,0,0
"FUNGI",2000,"Extinct in the Wild",0,0,19,0,0,0
"FUNGI",2000,"Critically Endangered",0,0,1110,0,0,0
"FUNGI",2000,"Lower Risk/conservation dependent",0,0,205,0,0,0
"FUNGI",2000,"Lower Risk/least concern",0,0,603,0,0,0
"FUNGI",2000,"Lower Risk/near threatened",0,0,792,0,0,0
"FUNGI",2000,"All Threatened",0,0,6479,0,0,0
"FUNGI",2002,"All Categories",0,0,8927,NA,1,0
"FUNGI",2002,"Near Threatened",0,0,0,0,0,0
"FUNGI",2002,"Vulnerable",0,0,3697,0,0,0
"FUNGI",2002,"Endangered",0,0,1302,0,0,0
"FUNGI",2002,"Least Concern",0,0,0,0,0,0
"FUNGI",2002,"Data Deficient",0,0,845,0,0,0
"FUNGI",2002,"Extinct",0,0,352,0,0,0
"FUNGI",2002,"Extinct in the Wild",0,0,20,0,0,0
"FUNGI",2002,"Critically Endangered",0,0,1111,0,0,0
"FUNGI",2002,"Lower Risk/conservation dependent",0,0,205,0,0,0
"FUNGI",2002,"Lower Risk/least concern",0,0,603,0,0,0
"FUNGI",2002,"Lower Risk/near threatened",0,0,792,0,0,0
"FUNGI",2002,"All Threatened",0,0,6482,0,0,0
"FUNGI",2003,"All Categories",2,2,10274,NA,1,0.00019466614755694
"FUNGI",2003,"Near Threatened",0,2,134,0,0,0
"FUNGI",2003,"Vulnerable",0,2,4135,0,0,0
"FUNGI",2003,"Endangered",1,2,1608,0.5,0.5,0.000621890547263682
"FUNGI",2003,"Least Concern",0,2,71,0,0,0
"FUNGI",2003,"Data Deficient",0,2,1034,0,0,0
"FUNGI",2003,"Extinct",0,2,362,0,0,0
"FUNGI",2003,"Extinct in the Wild",0,2,23,0,0,0
"FUNGI",2003,"Critically Endangered",1,2,1307,0.5,0.5,0.000765110941086458
"FUNGI",2003,"Lower Risk/conservation dependent",0,2,205,0,0,0
"FUNGI",2003,"Lower Risk/least concern",0,2,603,0,0,0
"FUNGI",2003,"Lower Risk/near threatened",0,2,792,0,0,0
"FUNGI",2003,"All Threatened",2,2,7435,1,1,0.000268997982515131
"FUNGI",2004,"All Categories",2,2,15311,NA,1,0.000130625040820325
"FUNGI",2004,"Near Threatened",0,2,434,0,0,0
"FUNGI",2004,"Vulnerable",0,2,5229,0,0,0
"FUNGI",2004,"Endangered",1,2,2505,0.5,0.5,0.000399201596806387
"FUNGI",2004,"Least Concern",0,2,1439,0,0,0
"FUNGI",2004,"Data Deficient",0,2,1987,0,0,0
"FUNGI",2004,"Extinct",0,2,396,0,0,0
"FUNGI",2004,"Extinct in the Wild",0,2,24,0,0,0
"FUNGI",2004,"Critically Endangered",1,2,1697,0.5,0.5,0.000589275191514437
"FUNGI",2004,"Lower Risk/conservation dependent",0,2,205,0,0,0
"FUNGI",2004,"Lower Risk/least concern",0,2,603,0,0,0
"FUNGI",2004,"Lower Risk/near threatened",0,2,792,0,0,0
"FUNGI",2004,"All Threatened",2,2,9851,1,1,0.000203025073596589
"FUNGI",2006,"All Categories",2,2,16286,NA,1,0.000122804863072578
"FUNGI",2006,"Near Threatened",0,2,488,0,0,0
"FUNGI",2006,"Vulnerable",0,2,5370,0,0,0
"FUNGI",2006,"Endangered",1,2,2627,0.5,0.5,0.000380662352493338
"FUNGI",2006,"Least Concern",0,2,1794,0,0,0
"FUNGI",2006,"Data Deficient",0,2,2179,0,0,0
"FUNGI",2006,"Extinct",0,2,402,0,0,0
"FUNGI",2006,"Extinct in the Wild",0,2,24,0,0,0
"FUNGI",2006,"Critically Endangered",1,2,1802,0.5,0.5,0.000554938956714761
"FUNGI",2006,"Lower Risk/conservation dependent",0,2,205,0,0,0
"FUNGI",2006,"Lower Risk/least concern",0,2,603,0,0,0
"FUNGI",2006,"Lower Risk/near threatened",0,2,792,0,0,0
"FUNGI",2006,"All Threatened",2,2,10225,1,1,0.00019559902200489
"FUNGI",2007,"All Categories",2,2,17249,NA,1,0.000115948750652212
"FUNGI",2007,"Near Threatened",0,2,525,0,0,0
"FUNGI",2007,"Vulnerable",0,2,5434,0,0,0
"FUNGI",2007,"Endangered",1,2,2684,0.5,0.5,0.0003725782414307
"FUNGI",2007,"Least Concern",0,2,2316,0,0,0
"FUNGI",2007,"Data Deficient",0,2,2419,0,0,0
"FUNGI",2007,"Extinct",0,2,403,0,0,0
"FUNGI",2007,"Extinct in the Wild",0,2,24,0,0,0
"FUNGI",2007,"Critically Endangered",1,2,1844,0.5,0.5,0.000542299349240781
"FUNGI",2007,"Lower Risk/conservation dependent",0,2,205,0,0,0
"FUNGI",2007,"Lower Risk/least concern",0,2,603,0,0,0
"FUNGI",2007,"Lower Risk/near threatened",0,2,792,0,0,0
"FUNGI",2007,"All Threatened",2,2,10389,1,1,0.000192511310039465
"FUNGI",2008,"All Categories",2,2,20856,NA,1,9.58956655159187e-05
"FUNGI",2008,"Near Threatened",0,2,805,0,0,0
"FUNGI",2008,"Vulnerable",0,2,5955,0,0,0
"FUNGI",2008,"Endangered",1,2,2969,0.5,0.5,0.000336813742000674
"FUNGI",2008,"Least Concern",0,2,3554,0,0,0
"FUNGI",2008,"Data Deficient",0,2,3476,0,0,0
"FUNGI",2008,"Extinct",0,2,428,0,0,0
"FUNGI",2008,"Extinct in the Wild",0,2,26,0,0,0
"FUNGI",2008,"Critically Endangered",1,2,2043,0.5,0.5,0.000489476260401371
"FUNGI",2008,"Lower Risk/conservation dependent",0,2,205,0,0,0
"FUNGI",2008,"Lower Risk/least concern",0,2,603,0,0,0
"FUNGI",2008,"Lower Risk/near threatened",0,2,792,0,0,0
"FUNGI",2008,"All Threatened",2,2,11421,1,1,0.000175116014359513
"FUNGI",2009,"All Categories",2,2,23348,NA,1,8.56604420078808e-05
"FUNGI",2009,"Near Threatened",0,2,967,0,0,0
"FUNGI",2009,"Vulnerable",0,2,6159,0,0,0
"FUNGI",2009,"Endangered",1,2,3124,0.5,0.5,0.000320102432778489
"FUNGI",2009,"Least Concern",0,2,4655,0,0,0
"FUNGI",2009,"Data Deficient",0,2,4204,0,0,0
"FUNGI",2009,"Extinct",0,2,463,0,0,0
"FUNGI",2009,"Extinct in the Wild",0,2,37,0,0,0
"FUNGI",2009,"Critically Endangered",1,2,2139,0.5,0.5,0.000467508181393174
"FUNGI",2009,"Lower Risk/conservation dependent",0,2,205,0,0,0
"FUNGI",2009,"Lower Risk/least concern",0,2,603,0,0,0
"FUNGI",2009,"Lower Risk/near threatened",0,2,792,0,0,0
"FUNGI",2009,"All Threatened",2,2,11922,1,1,0.000167757087736957
"FUNGI",2010,"All Categories",2,2,31679,NA,1,6.31333059755674e-05
"FUNGI",2010,"Near Threatened",0,2,1395,0,0,0
"FUNGI",2010,"Vulnerable",0,2,6852,0,0,0
"FUNGI",2010,"Endangered",1,2,3607,0.5,0.5,0.000277238702522872
"FUNGI",2010,"Least Concern",0,2,9254,0,0,0
"FUNGI",2010,"Data Deficient",0,2,5880,0,0,0
"FUNGI",2010,"Extinct",0,2,485,0,0,0
"FUNGI",2010,"Extinct in the Wild",0,2,42,0,0,0
"FUNGI",2010,"Critically Endangered",1,2,2564,0.5,0.5,0.000390015600624025
"FUNGI",2010,"Lower Risk/conservation dependent",0,2,205,0,0,0
"FUNGI",2010,"Lower Risk/least concern",0,2,603,0,0,0
"FUNGI",2010,"Lower Risk/near threatened",0,2,792,0,0,0
"FUNGI",2010,"All Threatened",2,2,13550,1,1,0.00014760147601476
"FUNGI",2011,"All Categories",2,2,37733,NA,1,5.30040018021361e-05
"FUNGI",2011,"Near Threatened",0,2,1835,0,0,0
"FUNGI",2011,"Vulnerable",0,2,7473,0,0,0
"FUNGI",2011,"Endangered",1,2,4046,0.5,0.5,0.000247157686604053
"FUNGI",2011,"Least Concern",0,2,12112,0,0,0
"FUNGI",2011,"Data Deficient",0,2,7199,0,0,0
"FUNGI",2011,"Extinct",0,2,506,0,0,0
"FUNGI",2011,"Extinct in the Wild",0,2,45,0,0,0
"FUNGI",2011,"Critically Endangered",1,2,2917,0.5,0.5,0.000342817963661296
"FUNGI",2011,"Lower Risk/conservation dependent",0,2,205,0,0,0
"FUNGI",2011,"Lower Risk/least concern",0,2,603,0,0,0
"FUNGI",2011,"Lower Risk/near threatened",0,2,792,0,0,0
"FUNGI",2011,"All Threatened",2,2,14987,1,1,0.000133448989123907
"FUNGI",2012,"All Categories",2,2,41662,NA,1,4.80053766021794e-05
"FUNGI",2012,"Near Threatened",0,2,2007,0,0,0
"FUNGI",2012,"Vulnerable",0,2,7688,0,0,0
"FUNGI",2012,"Endangered",1,2,4313,0.5,0.5,0.000231857175979597
"FUNGI",2012,"Least Concern",0,2,14074,0,0,0
"FUNGI",2012,"Data Deficient",0,2,8254,0,0,0
"FUNGI",2012,"Extinct",0,2,521,0,0,0
"FUNGI",2012,"Extinct in the Wild",0,2,45,0,0,0
"FUNGI",2012,"Critically Endangered",1,2,3160,0.5,0.5,0.000316455696202532
"FUNGI",2012,"Lower Risk/conservation dependent",0,2,205,0,0,0
"FUNGI",2012,"Lower Risk/least concern",0,2,603,0,0,0
"FUNGI",2012,"Lower Risk/near threatened",0,2,792,0,0,0
"FUNGI",2012,"All Threatened",2,2,15727,1,1,0.000127169835315063
"FUNGI",2013,"All Categories",2,2,47786,NA,1,4.18532624618089e-05
"FUNGI",2013,"Near Threatened",0,2,2244,0,0,0
"FUNGI",2013,"Vulnerable",0,2,8123,0,0,0
"FUNGI",2013,"Endangered",1,2,4924,0.5,0.5,0.000203086921202275
"FUNGI",2013,"Least Concern",0,2,17477,0,0,0
"FUNGI",2013,"Data Deficient",0,2,9413,0,0,0
"FUNGI",2013,"Extinct",0,2,539,0,0,0
"FUNGI",2013,"Extinct in the Wild",0,2,45,0,0,0
"FUNGI",2013,"Critically Endangered",1,2,3421,0.5,0.5,0.000292312189418299
"FUNGI",2013,"Lower Risk/conservation dependent",0,2,205,0,0,0
"FUNGI",2013,"Lower Risk/least concern",0,2,603,0,0,0
"FUNGI",2013,"Lower Risk/near threatened",0,2,792,0,0,0
"FUNGI",2013,"All Threatened",2,2,17052,1,1,0.000117288294628196
"FUNGI",2014,"All Categories",4,4,53132,NA,1,7.52841978468719e-05
"FUNGI",2014,"Near Threatened",0,4,2571,0,0,0
"FUNGI",2014,"Vulnerable",1,4,8572,0.25,0.25,0.000116658889407373
"FUNGI",2014,"Endangered",2,4,5496,0.5,0.5,0.000363901018922853
"FUNGI",2014,"Least Concern",0,4,20063,0,0,0
"FUNGI",2014,"Data Deficient",0,4,10366,0,0,0
"FUNGI",2014,"Extinct",0,4,578,0,0,0
"FUNGI",2014,"Extinct in the Wild",0,4,53,0,0,0
"FUNGI",2014,"Critically Endangered",1,4,3833,0.25,0.25,0.00026089225150013
"FUNGI",2014,"Lower Risk/conservation dependent",0,4,205,0,0,0
"FUNGI",2014,"Lower Risk/least concern",0,4,603,0,0,0
"FUNGI",2014,"Lower Risk/near threatened",0,4,792,0,0,0
"FUNGI",2014,"All Threatened",4,4,18532,1,1,0.000215842866393266
"FUNGI",2015,"All Categories",32,32,57750,NA,1,0.000554112554112554
"FUNGI",2015,"Near Threatened",4,32,2718,0.129032258064516,0.125,0.00147167034584253
"FUNGI",2015,"Vulnerable",13,32,8897,0.419354838709677,0.40625,0.00146116668539957
"FUNGI",2015,"Endangered",10,32,5982,0.32258064516129,0.3125,0.00167168171180207
"FUNGI",2015,"Least Concern",0,32,22837,0,0,0
"FUNGI",2015,"Data Deficient",1,32,10936,0.032258064516129,0.03125,9.1441111923921e-05
"FUNGI",2015,"Extinct",0,32,585,0,0,0
"FUNGI",2015,"Extinct in the Wild",0,32,55,0,0,0
"FUNGI",2015,"Critically Endangered",4,32,4140,0.129032258064516,0.125,0.000966183574879227
"FUNGI",2015,"Lower Risk/conservation dependent",0,32,205,0,0,0
"FUNGI",2015,"Lower Risk/least concern",0,32,603,0,0,0
"FUNGI",2015,"Lower Risk/near threatened",0,32,792,0,0,0
"FUNGI",2015,"All Threatened",27,32,19659,0.870967741935484,0.84375,0.00137341675568442
"FUNGI",2016,"All Categories",33,33,74396,NA,1,0.000443572235066401
"FUNGI",2016,"Near Threatened",4,33,3790,0.125,0.121212121212121,0.00105540897097625
"FUNGI",2016,"Vulnerable",13,33,9980,0.40625,0.393939393939394,0.00130260521042084
"FUNGI",2016,"Endangered",11,33,7019,0.34375,0.333333333333333,0.00156717481122667
"FUNGI",2016,"Least Concern",0,33,34144,0,0,0
"FUNGI",2016,"Data Deficient",1,33,12379,0.03125,0.0303030303030303,8.07819694644155e-05
"FUNGI",2016,"Extinct",0,33,776,0,0,0
"FUNGI",2016,"Extinct in the Wild",0,33,63,0,0,0
"FUNGI",2016,"Critically Endangered",4,33,4643,0.125,0.121212121212121,0.000861511953478355
"FUNGI",2016,"Lower Risk/conservation dependent",0,33,205,0,0,0
"FUNGI",2016,"Lower Risk/least concern",0,33,605,0,0,0
"FUNGI",2016,"Lower Risk/near threatened",0,33,792,0,0,0
"FUNGI",2016,"All Threatened",28,33,22481,0.875,0.848484848484849,0.0012454961967884
"FUNGI",2017,"All Categories",56,56,85340,NA,1,0.000656198734473869
"FUNGI",2017,"Near Threatened",6,56,4707,0.115384615384615,0.107142857142857,0.00127469725940089
"FUNGI",2017,"Vulnerable",20,56,11020,0.384615384615385,0.357142857142857,0.00181488203266788
"FUNGI",2017,"Endangered",17,56,8004,0.326923076923077,0.303571428571429,0.00212393803098451
"FUNGI",2017,"Least Concern",3,56,40209,0.0576923076923077,0.0535714285714286,7.46101619040513e-05
"FUNGI",2017,"Data Deficient",4,56,13667,0.0769230769230769,0.0714285714285714,0.000292675788395405
"FUNGI",2017,"Extinct",0,56,842,0,0,0
"FUNGI",2017,"Extinct in the Wild",0,56,66,0,0,0
"FUNGI",2017,"Critically Endangered",6,56,5217,0.115384615384615,0.107142857142857,0.00115008625646924
"FUNGI",2017,"Lower Risk/conservation dependent",0,56,207,0,0,0
"FUNGI",2017,"Lower Risk/least concern",0,56,607,0,0,0
"FUNGI",2017,"Lower Risk/near threatened",0,56,794,0,0,0
"FUNGI",2017,"All Threatened",43,56,25149,0.826923076923077,0.767857142857143,0.00170980953517038
"FUNGI",2018,"All Categories",66,66,96101,NA,1,0.000686777452888107
"FUNGI",2018,"Near Threatened",6,66,5272,0.0967741935483871,0.0909090909090909,0.00113808801213961
"FUNGI",2018,"Vulnerable",23,66,11871,0.370967741935484,0.348484848484849,0.00193749473506865
"FUNGI",2018,"Endangered",20,66,8925,0.32258064516129,0.303030303030303,0.00224089635854342
"FUNGI",2018,"Least Concern",3,66,46858,0.0483870967741935,0.0454545454545455,6.40232190874557e-05
"FUNGI",2018,"Data Deficient",4,66,14842,0.0645161290322581,0.0606060606060606,0.000269505457485514
"FUNGI",2018,"Extinct",0,66,867,0,0,0
"FUNGI",2018,"Extinct in the Wild",0,66,69,0,0,0
"FUNGI",2018,"Critically Endangered",10,66,5780,0.161290322580645,0.151515151515152,0.00173010380622837
"FUNGI",2018,"Lower Risk/conservation dependent",0,66,208,0,0,0
"FUNGI",2018,"Lower Risk/least concern",0,66,611,0,0,0
"FUNGI",2018,"Lower Risk/near threatened",0,66,798,0,0,0
"FUNGI",2018,"All Threatened",53,66,27512,0.854838709677419,0.803030303030303,0.00192643210235534
"FUNGI",2019,"All Categories",145,145,105775,NA,1,0.0013708343181281
"FUNGI",2019,"Near Threatened",26,145,5654,0.18705035971223,0.179310344827586,0.00459851432614079
"FUNGI",2019,"Vulnerable",64,145,12465,0.460431654676259,0.441379310344828,0.00513437625350983
"FUNGI",2019,"Endangered",30,145,9757,0.215827338129496,0.206896551724138,0.00307471558880804
"FUNGI",2019,"Least Concern",9,145,53462,0.0647482014388489,0.0620689655172414,0.00016834387041263
"FUNGI",2019,"Data Deficient",6,145,15783,0.0431654676258993,0.0413793103448276,0.000380155863904201
"FUNGI",2019,"Extinct",0,145,875,0,0,0
"FUNGI",2019,"Extinct in the Wild",0,145,73,0,0,0
"FUNGI",2019,"Critically Endangered",10,145,6129,0.0719424460431655,0.0689655172413793,0.00163158753467124
"FUNGI",2019,"Lower Risk/conservation dependent",0,145,205,0,0,0
"FUNGI",2019,"Lower Risk/least concern",0,145,587,0,0,0
"FUNGI",2019,"Lower Risk/near threatened",0,145,785,0,0,0
"FUNGI",2019,"All Threatened",104,145,29299,0.748201438848921,0.717241379310345,0.00354960920167924
"CHROMISTA",1996,"All Categories",0,0,2555,NA,1,0
"CHROMISTA",1996,"Near Threatened",0,0,0,0,0,0
"CHROMISTA",1996,"Vulnerable",0,0,944,0,0,0
"CHROMISTA",1996,"Endangered",0,0,253,0,0,0
"CHROMISTA",1996,"Least Concern",0,0,0,0,0,0
"CHROMISTA",1996,"Data Deficient",0,0,550,0,0,0
"CHROMISTA",1996,"Extinct",0,0,235,0,0,0
"CHROMISTA",1996,"Extinct in the Wild",0,0,7,0,0,0
"CHROMISTA",1996,"Critically Endangered",0,0,254,0,0,0
"CHROMISTA",1996,"Lower Risk/conservation dependent",0,0,24,0,0,0
"CHROMISTA",1996,"Lower Risk/least concern",0,0,71,0,0,0
"CHROMISTA",1996,"Lower Risk/near threatened",0,0,217,0,0,0
"CHROMISTA",1996,"All Threatened",0,0,1693,0,0,0
"CHROMISTA",1998,"All Categories",0,0,8431,NA,1,0
"CHROMISTA",1998,"Near Threatened",0,0,0,0,0,0
"CHROMISTA",1998,"Vulnerable",0,0,3573,0,0,0
"CHROMISTA",1998,"Endangered",0,0,1219,0,0,0
"CHROMISTA",1998,"Least Concern",0,0,0,0,0,0
"CHROMISTA",1998,"Data Deficient",0,0,828,0,0,0
"CHROMISTA",1998,"Extinct",0,0,288,0,0,0
"CHROMISTA",1998,"Extinct in the Wild",0,0,16,0,0,0
"CHROMISTA",1998,"Critically Endangered",0,0,973,0,0,0
"CHROMISTA",1998,"Lower Risk/conservation dependent",0,0,202,0,0,0
"CHROMISTA",1998,"Lower Risk/least concern",0,0,574,0,0,0
"CHROMISTA",1998,"Lower Risk/near threatened",0,0,758,0,0,0
"CHROMISTA",1998,"All Threatened",0,0,6069,0,0,0
"CHROMISTA",2000,"All Categories",0,0,8924,NA,1,0
"CHROMISTA",2000,"Near Threatened",0,0,0,0,0,0
"CHROMISTA",2000,"Vulnerable",0,0,3697,0,0,0
"CHROMISTA",2000,"Endangered",0,0,1301,0,0,0
"CHROMISTA",2000,"Least Concern",0,0,0,0,0,0
"CHROMISTA",2000,"Data Deficient",0,0,845,0,0,0
"CHROMISTA",2000,"Extinct",0,0,352,0,0,0
"CHROMISTA",2000,"Extinct in the Wild",0,0,19,0,0,0
"CHROMISTA",2000,"Critically Endangered",0,0,1110,0,0,0
"CHROMISTA",2000,"Lower Risk/conservation dependent",0,0,205,0,0,0
"CHROMISTA",2000,"Lower Risk/least concern",0,0,603,0,0,0
"CHROMISTA",2000,"Lower Risk/near threatened",0,0,792,0,0,0
"CHROMISTA",2000,"All Threatened",0,0,6479,0,0,0
"CHROMISTA",2002,"All Categories",0,0,8927,NA,1,0
"CHROMISTA",2002,"Near Threatened",0,0,0,0,0,0
"CHROMISTA",2002,"Vulnerable",0,0,3697,0,0,0
"CHROMISTA",2002,"Endangered",0,0,1302,0,0,0
"CHROMISTA",2002,"Least Concern",0,0,0,0,0,0
"CHROMISTA",2002,"Data Deficient",0,0,845,0,0,0
"CHROMISTA",2002,"Extinct",0,0,352,0,0,0
"CHROMISTA",2002,"Extinct in the Wild",0,0,20,0,0,0
"CHROMISTA",2002,"Critically Endangered",0,0,1111,0,0,0
"CHROMISTA",2002,"Lower Risk/conservation dependent",0,0,205,0,0,0
"CHROMISTA",2002,"Lower Risk/least concern",0,0,603,0,0,0
"CHROMISTA",2002,"Lower Risk/near threatened",0,0,792,0,0,0
"CHROMISTA",2002,"All Threatened",0,0,6482,0,0,0
"CHROMISTA",2003,"All Categories",0,0,10274,NA,1,0
"CHROMISTA",2003,"Near Threatened",0,0,134,0,0,0
"CHROMISTA",2003,"Vulnerable",0,0,4135,0,0,0
"CHROMISTA",2003,"Endangered",0,0,1608,0,0,0
"CHROMISTA",2003,"Least Concern",0,0,71,0,0,0
"CHROMISTA",2003,"Data Deficient",0,0,1034,0,0,0
"CHROMISTA",2003,"Extinct",0,0,362,0,0,0
"CHROMISTA",2003,"Extinct in the Wild",0,0,23,0,0,0
"CHROMISTA",2003,"Critically Endangered",0,0,1307,0,0,0
"CHROMISTA",2003,"Lower Risk/conservation dependent",0,0,205,0,0,0
"CHROMISTA",2003,"Lower Risk/least concern",0,0,603,0,0,0
"CHROMISTA",2003,"Lower Risk/near threatened",0,0,792,0,0,0
"CHROMISTA",2003,"All Threatened",0,0,7435,0,0,0
"CHROMISTA",2004,"All Categories",0,0,15311,NA,1,0
"CHROMISTA",2004,"Near Threatened",0,0,434,0,0,0
"CHROMISTA",2004,"Vulnerable",0,0,5229,0,0,0
"CHROMISTA",2004,"Endangered",0,0,2505,0,0,0
"CHROMISTA",2004,"Least Concern",0,0,1439,0,0,0
"CHROMISTA",2004,"Data Deficient",0,0,1987,0,0,0
"CHROMISTA",2004,"Extinct",0,0,396,0,0,0
"CHROMISTA",2004,"Extinct in the Wild",0,0,24,0,0,0
"CHROMISTA",2004,"Critically Endangered",0,0,1697,0,0,0
"CHROMISTA",2004,"Lower Risk/conservation dependent",0,0,205,0,0,0
"CHROMISTA",2004,"Lower Risk/least concern",0,0,603,0,0,0
"CHROMISTA",2004,"Lower Risk/near threatened",0,0,792,0,0,0
"CHROMISTA",2004,"All Threatened",0,0,9851,0,0,0
"CHROMISTA",2006,"All Categories",0,0,16286,NA,1,0
"CHROMISTA",2006,"Near Threatened",0,0,488,0,0,0
"CHROMISTA",2006,"Vulnerable",0,0,5370,0,0,0
"CHROMISTA",2006,"Endangered",0,0,2627,0,0,0
"CHROMISTA",2006,"Least Concern",0,0,1794,0,0,0
"CHROMISTA",2006,"Data Deficient",0,0,2179,0,0,0
"CHROMISTA",2006,"Extinct",0,0,402,0,0,0
"CHROMISTA",2006,"Extinct in the Wild",0,0,24,0,0,0
"CHROMISTA",2006,"Critically Endangered",0,0,1802,0,0,0
"CHROMISTA",2006,"Lower Risk/conservation dependent",0,0,205,0,0,0
"CHROMISTA",2006,"Lower Risk/least concern",0,0,603,0,0,0
"CHROMISTA",2006,"Lower Risk/near threatened",0,0,792,0,0,0
"CHROMISTA",2006,"All Threatened",0,0,10225,0,0,0
"CHROMISTA",2007,"All Categories",15,15,17249,NA,1,0.000869615629891588
"CHROMISTA",2007,"Near Threatened",0,15,525,0,0,0
"CHROMISTA",2007,"Vulnerable",1,15,5434,0.166666666666667,0.0666666666666667,0.000184026499815973
"CHROMISTA",2007,"Endangered",1,15,2684,0.166666666666667,0.0666666666666667,0.0003725782414307
"CHROMISTA",2007,"Least Concern",0,15,2316,0,0,0
"CHROMISTA",2007,"Data Deficient",9,15,2419,1.5,0.6,0.00372054568003307
"CHROMISTA",2007,"Extinct",0,15,403,0,0,0
"CHROMISTA",2007,"Extinct in the Wild",0,15,24,0,0,0
"CHROMISTA",2007,"Critically Endangered",4,15,1844,0.666666666666667,0.266666666666667,0.00216919739696312
"CHROMISTA",2007,"Lower Risk/conservation dependent",0,15,205,0,0,0
"CHROMISTA",2007,"Lower Risk/least concern",0,15,603,0,0,0
"CHROMISTA",2007,"Lower Risk/near threatened",0,15,792,0,0,0
"CHROMISTA",2007,"All Threatened",6,15,10389,1,0.4,0.000577533930118394
"CHROMISTA",2008,"All Categories",15,15,20856,NA,1,0.00071921749136939
"CHROMISTA",2008,"Near Threatened",0,15,805,0,0,0
"CHROMISTA",2008,"Vulnerable",1,15,5955,0.166666666666667,0.0666666666666667,0.000167926112510495
"CHROMISTA",2008,"Endangered",1,15,2969,0.166666666666667,0.0666666666666667,0.000336813742000674
"CHROMISTA",2008,"Least Concern",0,15,3554,0,0,0
"CHROMISTA",2008,"Data Deficient",9,15,3476,1.5,0.6,0.0025891829689298
"CHROMISTA",2008,"Extinct",0,15,428,0,0,0
"CHROMISTA",2008,"Extinct in the Wild",0,15,26,0,0,0
"CHROMISTA",2008,"Critically Endangered",4,15,2043,0.666666666666667,0.266666666666667,0.00195790504160548
"CHROMISTA",2008,"Lower Risk/conservation dependent",0,15,205,0,0,0
"CHROMISTA",2008,"Lower Risk/least concern",0,15,603,0,0,0
"CHROMISTA",2008,"Lower Risk/near threatened",0,15,792,0,0,0
"CHROMISTA",2008,"All Threatened",6,15,11421,1,0.4,0.00052534804307854
"CHROMISTA",2009,"All Categories",15,15,23348,NA,1,0.000642453315059106
"CHROMISTA",2009,"Near Threatened",0,15,967,0,0,0
"CHROMISTA",2009,"Vulnerable",1,15,6159,0.166666666666667,0.0666666666666667,0.000162364020133139
"CHROMISTA",2009,"Endangered",1,15,3124,0.166666666666667,0.0666666666666667,0.000320102432778489
"CHROMISTA",2009,"Least Concern",0,15,4655,0,0,0
"CHROMISTA",2009,"Data Deficient",9,15,4204,1.5,0.6,0.00214081826831589
"CHROMISTA",2009,"Extinct",0,15,463,0,0,0
"CHROMISTA",2009,"Extinct in the Wild",0,15,37,0,0,0
"CHROMISTA",2009,"Critically Endangered",4,15,2139,0.666666666666667,0.266666666666667,0.0018700327255727
"CHROMISTA",2009,"Lower Risk/conservation dependent",0,15,205,0,0,0
"CHROMISTA",2009,"Lower Risk/least concern",0,15,603,0,0,0
"CHROMISTA",2009,"Lower Risk/near threatened",0,15,792,0,0,0
"CHROMISTA",2009,"All Threatened",6,15,11922,1,0.4,0.000503271263210871
"CHROMISTA",2010,"All Categories",15,15,31679,NA,1,0.000473499794816756
"CHROMISTA",2010,"Near Threatened",0,15,1395,0,0,0
"CHROMISTA",2010,"Vulnerable",1,15,6852,0.166666666666667,0.0666666666666667,0.000145942790426153
"CHROMISTA",2010,"Endangered",1,15,3607,0.166666666666667,0.0666666666666667,0.000277238702522872
"CHROMISTA",2010,"Least Concern",0,15,9254,0,0,0
"CHROMISTA",2010,"Data Deficient",9,15,5880,1.5,0.6,0.00153061224489796
"CHROMISTA",2010,"Extinct",0,15,485,0,0,0
"CHROMISTA",2010,"Extinct in the Wild",0,15,42,0,0,0
"CHROMISTA",2010,"Critically Endangered",4,15,2564,0.666666666666667,0.266666666666667,0.0015600624024961
"CHROMISTA",2010,"Lower Risk/conservation dependent",0,15,205,0,0,0
"CHROMISTA",2010,"Lower Risk/least concern",0,15,603,0,0,0
"CHROMISTA",2010,"Lower Risk/near threatened",0,15,792,0,0,0
"CHROMISTA",2010,"All Threatened",6,15,13550,1,0.4,0.00044280442804428
"CHROMISTA",2011,"All Categories",15,15,37733,NA,1,0.00039753001351602
"CHROMISTA",2011,"Near Threatened",0,15,1835,0,0,0
"CHROMISTA",2011,"Vulnerable",1,15,7473,0.166666666666667,0.0666666666666667,0.000133815067576609
"CHROMISTA",2011,"Endangered",1,15,4046,0.166666666666667,0.0666666666666667,0.000247157686604053
"CHROMISTA",2011,"Least Concern",0,15,12112,0,0,0
"CHROMISTA",2011,"Data Deficient",9,15,7199,1.5,0.6,0.00125017363522711
"CHROMISTA",2011,"Extinct",0,15,506,0,0,0
"CHROMISTA",2011,"Extinct in the Wild",0,15,45,0,0,0
"CHROMISTA",2011,"Critically Endangered",4,15,2917,0.666666666666667,0.266666666666667,0.00137127185464518
"CHROMISTA",2011,"Lower Risk/conservation dependent",0,15,205,0,0,0
"CHROMISTA",2011,"Lower Risk/least concern",0,15,603,0,0,0
"CHROMISTA",2011,"Lower Risk/near threatened",0,15,792,0,0,0
"CHROMISTA",2011,"All Threatened",6,15,14987,1,0.4,0.000400346967371722
"CHROMISTA",2012,"All Categories",15,15,41662,NA,1,0.000360040324516346
"CHROMISTA",2012,"Near Threatened",0,15,2007,0,0,0
"CHROMISTA",2012,"Vulnerable",1,15,7688,0.166666666666667,0.0666666666666667,0.000130072840790843
"CHROMISTA",2012,"Endangered",1,15,4313,0.166666666666667,0.0666666666666667,0.000231857175979597
"CHROMISTA",2012,"Least Concern",0,15,14074,0,0,0
"CHROMISTA",2012,"Data Deficient",9,15,8254,1.5,0.6,0.00109038042161376
"CHROMISTA",2012,"Extinct",0,15,521,0,0,0
"CHROMISTA",2012,"Extinct in the Wild",0,15,45,0,0,0
"CHROMISTA",2012,"Critically Endangered",4,15,3160,0.666666666666667,0.266666666666667,0.00126582278481013
"CHROMISTA",2012,"Lower Risk/conservation dependent",0,15,205,0,0,0
"CHROMISTA",2012,"Lower Risk/least concern",0,15,603,0,0,0
"CHROMISTA",2012,"Lower Risk/near threatened",0,15,792,0,0,0
"CHROMISTA",2012,"All Threatened",6,15,15727,1,0.4,0.00038150950594519
"CHROMISTA",2013,"All Categories",15,15,47786,NA,1,0.000313899468463567
"CHROMISTA",2013,"Near Threatened",0,15,2244,0,0,0
"CHROMISTA",2013,"Vulnerable",1,15,8123,0.166666666666667,0.0666666666666667,0.000123107226394189
"CHROMISTA",2013,"Endangered",1,15,4924,0.166666666666667,0.0666666666666667,0.000203086921202275
"CHROMISTA",2013,"Least Concern",0,15,17477,0,0,0
"CHROMISTA",2013,"Data Deficient",9,15,9413,1.5,0.6,0.000956124508658239
"CHROMISTA",2013,"Extinct",0,15,539,0,0,0
"CHROMISTA",2013,"Extinct in the Wild",0,15,45,0,0,0
"CHROMISTA",2013,"Critically Endangered",4,15,3421,0.666666666666667,0.266666666666667,0.00116924875767319
"CHROMISTA",2013,"Lower Risk/conservation dependent",0,15,205,0,0,0
"CHROMISTA",2013,"Lower Risk/least concern",0,15,603,0,0,0
"CHROMISTA",2013,"Lower Risk/near threatened",0,15,792,0,0,0
"CHROMISTA",2013,"All Threatened",6,15,17052,1,0.4,0.000351864883884588
"CHROMISTA",2014,"All Categories",15,15,53132,NA,1,0.00028231574192577
"CHROMISTA",2014,"Near Threatened",0,15,2571,0,0,0
"CHROMISTA",2014,"Vulnerable",1,15,8572,0.166666666666667,0.0666666666666667,0.000116658889407373
"CHROMISTA",2014,"Endangered",1,15,5496,0.166666666666667,0.0666666666666667,0.000181950509461427
"CHROMISTA",2014,"Least Concern",0,15,20063,0,0,0
"CHROMISTA",2014,"Data Deficient",9,15,10366,1.5,0.6,0.000868223036851244
"CHROMISTA",2014,"Extinct",0,15,578,0,0,0
"CHROMISTA",2014,"Extinct in the Wild",0,15,53,0,0,0
"CHROMISTA",2014,"Critically Endangered",4,15,3833,0.666666666666667,0.266666666666667,0.00104356900600052
"CHROMISTA",2014,"Lower Risk/conservation dependent",0,15,205,0,0,0
"CHROMISTA",2014,"Lower Risk/least concern",0,15,603,0,0,0
"CHROMISTA",2014,"Lower Risk/near threatened",0,15,792,0,0,0
"CHROMISTA",2014,"All Threatened",6,15,18532,1,0.4,0.000323764299589899
"CHROMISTA",2015,"All Categories",15,15,57750,NA,1,0.00025974025974026
"CHROMISTA",2015,"Near Threatened",0,15,2718,0,0,0
"CHROMISTA",2015,"Vulnerable",1,15,8897,0.166666666666667,0.0666666666666667,0.000112397437338429
"CHROMISTA",2015,"Endangered",1,15,5982,0.166666666666667,0.0666666666666667,0.000167168171180207
"CHROMISTA",2015,"Least Concern",0,15,22837,0,0,0
"CHROMISTA",2015,"Data Deficient",9,15,10936,1.5,0.6,0.000822970007315289
"CHROMISTA",2015,"Extinct",0,15,585,0,0,0
"CHROMISTA",2015,"Extinct in the Wild",0,15,55,0,0,0
"CHROMISTA",2015,"Critically Endangered",4,15,4140,0.666666666666667,0.266666666666667,0.000966183574879227
"CHROMISTA",2015,"Lower Risk/conservation dependent",0,15,205,0,0,0
"CHROMISTA",2015,"Lower Risk/least concern",0,15,603,0,0,0
"CHROMISTA",2015,"Lower Risk/near threatened",0,15,792,0,0,0
"CHROMISTA",2015,"All Threatened",6,15,19659,1,0.4,0.000305203723485427
"CHROMISTA",2016,"All Categories",15,15,74396,NA,1,0.000201623743212001
"CHROMISTA",2016,"Near Threatened",0,15,3790,0,0,0
"CHROMISTA",2016,"Vulnerable",1,15,9980,0.166666666666667,0.0666666666666667,0.000100200400801603
"CHROMISTA",2016,"Endangered",1,15,7019,0.166666666666667,0.0666666666666667,0.000142470437384243
"CHROMISTA",2016,"Least Concern",0,15,34144,0,0,0
"CHROMISTA",2016,"Data Deficient",9,15,12379,1.5,0.6,0.00072703772517974
"CHROMISTA",2016,"Extinct",0,15,776,0,0,0
"CHROMISTA",2016,"Extinct in the Wild",0,15,63,0,0,0
"CHROMISTA",2016,"Critically Endangered",4,15,4643,0.666666666666667,0.266666666666667,0.000861511953478355
"CHROMISTA",2016,"Lower Risk/conservation dependent",0,15,205,0,0,0
"CHROMISTA",2016,"Lower Risk/least concern",0,15,605,0,0,0
"CHROMISTA",2016,"Lower Risk/near threatened",0,15,792,0,0,0
"CHROMISTA",2016,"All Threatened",6,15,22481,1,0.4,0.000266892042168943
"CHROMISTA",2017,"All Categories",15,15,85340,NA,1,0.000175767518162644
"CHROMISTA",2017,"Near Threatened",0,15,4707,0,0,0
"CHROMISTA",2017,"Vulnerable",1,15,11020,0.166666666666667,0.0666666666666667,9.07441016333938e-05
"CHROMISTA",2017,"Endangered",1,15,8004,0.166666666666667,0.0666666666666667,0.000124937531234383
"CHROMISTA",2017,"Least Concern",0,15,40209,0,0,0
"CHROMISTA",2017,"Data Deficient",9,15,13667,1.5,0.6,0.000658520523889661
"CHROMISTA",2017,"Extinct",0,15,842,0,0,0
"CHROMISTA",2017,"Extinct in the Wild",0,15,66,0,0,0
"CHROMISTA",2017,"Critically Endangered",4,15,5217,0.666666666666667,0.266666666666667,0.00076672417097949
"CHROMISTA",2017,"Lower Risk/conservation dependent",0,15,207,0,0,0
"CHROMISTA",2017,"Lower Risk/least concern",0,15,607,0,0,0
"CHROMISTA",2017,"Lower Risk/near threatened",0,15,794,0,0,0
"CHROMISTA",2017,"All Threatened",6,15,25149,1,0.4,0.000238578074674937
"CHROMISTA",2018,"All Categories",15,15,96101,NA,1,0.000156085784747297
"CHROMISTA",2018,"Near Threatened",0,15,5272,0,0,0
"CHROMISTA",2018,"Vulnerable",1,15,11871,0.166666666666667,0.0666666666666667,8.42389015247241e-05
"CHROMISTA",2018,"Endangered",1,15,8925,0.166666666666667,0.0666666666666667,0.000112044817927171
"CHROMISTA",2018,"Least Concern",0,15,46858,0,0,0
"CHROMISTA",2018,"Data Deficient",9,15,14842,1.5,0.6,0.000606387279342407
"CHROMISTA",2018,"Extinct",0,15,867,0,0,0
"CHROMISTA",2018,"Extinct in the Wild",0,15,69,0,0,0
"CHROMISTA",2018,"Critically Endangered",4,15,5780,0.666666666666667,0.266666666666667,0.000692041522491349
"CHROMISTA",2018,"Lower Risk/conservation dependent",0,15,208,0,0,0
"CHROMISTA",2018,"Lower Risk/least concern",0,15,611,0,0,0
"CHROMISTA",2018,"Lower Risk/near threatened",0,15,798,0,0,0
"CHROMISTA",2018,"All Threatened",6,15,27512,1,0.4,0.00021808665309683
"CHROMISTA",2019,"All Categories",15,15,105775,NA,1,0.000141810446702907
"CHROMISTA",2019,"Near Threatened",0,15,5654,0,0,0
"CHROMISTA",2019,"Vulnerable",1,15,12465,0.166666666666667,0.0666666666666667,8.02246289610911e-05
"CHROMISTA",2019,"Endangered",1,15,9757,0.166666666666667,0.0666666666666667,0.000102490519626935
"CHROMISTA",2019,"Least Concern",0,15,53462,0,0,0
"CHROMISTA",2019,"Data Deficient",9,15,15783,1.5,0.6,0.000570233795856301
"CHROMISTA",2019,"Extinct",0,15,875,0,0,0
"CHROMISTA",2019,"Extinct in the Wild",0,15,73,0,0,0
"CHROMISTA",2019,"Critically Endangered",4,15,6129,0.666666666666667,0.266666666666667,0.000652635013868494
"CHROMISTA",2019,"Lower Risk/conservation dependent",0,15,205,0,0,0
"CHROMISTA",2019,"Lower Risk/least concern",0,15,587,0,0,0
"CHROMISTA",2019,"Lower Risk/near threatened",0,15,785,0,0,0
"CHROMISTA",2019,"All Threatened",6,15,29299,1,0.4,0.000204785146250725
